[
{
  "model": "admin.logentry",
  "pk": 1,
  "fields": {
    "action_time": "2023-01-18T12:40:13.141Z",
    "user": 1,
    "content_type": 9,
    "object_id": "1",
    "object_repr": "Tinsae",
    "action_flag": 1,
    "change_message": "[{\"added\": {}}]"
  }
},
{
  "model": "admin.logentry",
  "pk": 2,
  "fields": {
    "action_time": "2023-01-18T12:43:13.618Z",
    "user": 1,
    "content_type": 10,
    "object_id": "1",
    "object_repr": "House for sell in Shager",
    "action_flag": 1,
    "change_message": "[{\"added\": {}}]"
  }
},
{
  "model": "admin.logentry",
  "pk": 3,
  "fields": {
    "action_time": "2023-01-18T12:44:03.055Z",
    "user": 1,
    "content_type": 6,
    "object_id": "2",
    "object_repr": "halellujahalako@gmail.com",
    "action_flag": 1,
    "change_message": "[{\"added\": {}}]"
  }
},
{
  "model": "admin.logentry",
  "pk": 4,
  "fields": {
    "action_time": "2023-01-18T13:37:05.777Z",
    "user": 1,
    "content_type": 7,
    "object_id": "1",
    "object_repr": "my order",
    "action_flag": 1,
    "change_message": "[{\"added\": {}}]"
  }
},
{
  "model": "admin.logentry",
  "pk": 5,
  "fields": {
    "action_time": "2023-01-18T16:03:47.766Z",
    "user": 1,
    "content_type": 6,
    "object_id": "2",
    "object_repr": "halellujahalako@gmail.com",
    "action_flag": 2,
    "change_message": "[]"
  }
},
{
  "model": "admin.logentry",
  "pk": 6,
  "fields": {
    "action_time": "2023-01-18T16:04:42.508Z",
    "user": 1,
    "content_type": 6,
    "object_id": "2",
    "object_repr": "halellujahalako@gmail.com",
    "action_flag": 2,
    "change_message": "[]"
  }
},
{
  "model": "admin.logentry",
  "pk": 7,
  "fields": {
    "action_time": "2023-01-18T16:07:04.409Z",
    "user": 1,
    "content_type": 6,
    "object_id": "2",
    "object_repr": "halellujahalako@gmail.com",
    "action_flag": 2,
    "change_message": "[]"
  }
},
{
  "model": "admin.logentry",
  "pk": 8,
  "fields": {
    "action_time": "2023-01-18T16:07:36.943Z",
    "user": 1,
    "content_type": 9,
    "object_id": "2",
    "object_repr": "",
    "action_flag": 3,
    "change_message": ""
  }
},
{
  "model": "admin.logentry",
  "pk": 9,
  "fields": {
    "action_time": "2023-01-18T21:10:24.488Z",
    "user": 1,
    "content_type": 9,
    "object_id": "4",
    "object_repr": "",
    "action_flag": 3,
    "change_message": ""
  }
},
{
  "model": "admin.logentry",
  "pk": 10,
  "fields": {
    "action_time": "2023-01-18T21:12:59.950Z",
    "user": 1,
    "content_type": 9,
    "object_id": "5",
    "object_repr": "Alo",
    "action_flag": 2,
    "change_message": "[{\"changed\": {\"fields\": [\"Name\", \"Photo\", \"Description\", \"Phone\", \"Top seller\"]}}]"
  }
},
{
  "model": "admin.logentry",
  "pk": 11,
  "fields": {
    "action_time": "2023-01-18T21:29:23.090Z",
    "user": 1,
    "content_type": 10,
    "object_id": "2",
    "object_repr": "Town house",
    "action_flag": 1,
    "change_message": "[{\"added\": {}}]"
  }
},
{
  "model": "admin.logentry",
  "pk": 12,
  "fields": {
    "action_time": "2023-01-18T21:29:36.731Z",
    "user": 1,
    "content_type": 10,
    "object_id": "2",
    "object_repr": "Town house",
    "action_flag": 2,
    "change_message": "[]"
  }
},
{
  "model": "admin.logentry",
  "pk": 13,
  "fields": {
    "action_time": "2023-01-18T21:43:16.790Z",
    "user": 1,
    "content_type": 7,
    "object_id": "2",
    "object_repr": "new order",
    "action_flag": 2,
    "change_message": "[{\"changed\": {\"fields\": [\"Address\"]}}]"
  }
},
{
  "model": "admin.logentry",
  "pk": 14,
  "fields": {
    "action_time": "2023-01-18T21:48:37.624Z",
    "user": 1,
    "content_type": 7,
    "object_id": "2",
    "object_repr": "new order",
    "action_flag": 3,
    "change_message": ""
  }
},
{
  "model": "admin.logentry",
  "pk": 15,
  "fields": {
    "action_time": "2023-01-18T21:49:15.173Z",
    "user": 1,
    "content_type": 7,
    "object_id": "3",
    "object_repr": "new order",
    "action_flag": 3,
    "change_message": ""
  }
},
{
  "model": "admin.logentry",
  "pk": 16,
  "fields": {
    "action_time": "2023-01-18T21:49:15.389Z",
    "user": 1,
    "content_type": 7,
    "object_id": "1",
    "object_repr": "my order",
    "action_flag": 3,
    "change_message": ""
  }
},
{
  "model": "admin.logentry",
  "pk": 17,
  "fields": {
    "action_time": "2023-01-19T11:23:31.798Z",
    "user": 1,
    "content_type": 9,
    "object_id": "3",
    "object_repr": "Halelluhah",
    "action_flag": 2,
    "change_message": "[{\"changed\": {\"fields\": [\"Name\", \"Photo\", \"Description\", \"Phone\", \"Top seller\"]}}]"
  }
},
{
  "model": "admin.logentry",
  "pk": 18,
  "fields": {
    "action_time": "2023-01-19T11:30:13.723Z",
    "user": 1,
    "content_type": 6,
    "object_id": "2",
    "object_repr": "halellujahalako@gmail.com",
    "action_flag": 3,
    "change_message": ""
  }
},
{
  "model": "admin.logentry",
  "pk": 19,
  "fields": {
    "action_time": "2023-01-19T11:48:32.988Z",
    "user": 1,
    "content_type": 6,
    "object_id": "4",
    "object_repr": "ale@gmial.com",
    "action_flag": 1,
    "change_message": "[{\"added\": {}}]"
  }
},
{
  "model": "admin.logentry",
  "pk": 20,
  "fields": {
    "action_time": "2023-01-19T11:49:29.176Z",
    "user": 1,
    "content_type": 6,
    "object_id": "4",
    "object_repr": "ale@gmial.com",
    "action_flag": 2,
    "change_message": "[{\"changed\": {\"fields\": [\"Superuser status\"]}}]"
  }
},
{
  "model": "admin.logentry",
  "pk": 21,
  "fields": {
    "action_time": "2023-01-19T11:50:40.867Z",
    "user": 1,
    "content_type": 9,
    "object_id": "6",
    "object_repr": "",
    "action_flag": 3,
    "change_message": ""
  }
},
{
  "model": "admin.logentry",
  "pk": 22,
  "fields": {
    "action_time": "2023-01-19T11:53:12.800Z",
    "user": 1,
    "content_type": 9,
    "object_id": "7",
    "object_repr": "Operha winfery",
    "action_flag": 2,
    "change_message": "[{\"changed\": {\"fields\": [\"Name\", \"Photo\", \"Description\", \"Phone\", \"Top seller\"]}}]"
  }
},
{
  "model": "admin.logentry",
  "pk": 23,
  "fields": {
    "action_time": "2023-01-19T15:48:40.012Z",
    "user": 1,
    "content_type": 10,
    "object_id": "2",
    "object_repr": "Town house",
    "action_flag": 2,
    "change_message": "[{\"changed\": {\"fields\": [\"Published\"]}}]"
  }
},
{
  "model": "admin.logentry",
  "pk": 24,
  "fields": {
    "action_time": "2023-01-19T15:50:37.962Z",
    "user": 1,
    "content_type": 10,
    "object_id": "2",
    "object_repr": "Town house",
    "action_flag": 2,
    "change_message": "[{\"changed\": {\"fields\": [\"Published\"]}}]"
  }
},
{
  "model": "admin.logentry",
  "pk": 25,
  "fields": {
    "action_time": "2023-01-19T15:54:49.307Z",
    "user": 1,
    "content_type": 10,
    "object_id": "3",
    "object_repr": "Town house in sahger",
    "action_flag": 1,
    "change_message": "[{\"added\": {}}]"
  }
},
{
  "model": "admin.logentry",
  "pk": 26,
  "fields": {
    "action_time": "2023-01-19T15:55:50.192Z",
    "user": 1,
    "content_type": 10,
    "object_id": "3",
    "object_repr": "Town house in sahger",
    "action_flag": 2,
    "change_message": "[{\"changed\": {\"fields\": [\"Published\"]}}]"
  }
},
{
  "model": "admin.logentry",
  "pk": 27,
  "fields": {
    "action_time": "2023-01-19T15:59:18.087Z",
    "user": 1,
    "content_type": 7,
    "object_id": "5",
    "object_repr": "my order",
    "action_flag": 3,
    "change_message": ""
  }
},
{
  "model": "admin.logentry",
  "pk": 28,
  "fields": {
    "action_time": "2023-01-19T16:02:21.241Z",
    "user": 1,
    "content_type": 9,
    "object_id": "8",
    "object_repr": "",
    "action_flag": 3,
    "change_message": ""
  }
},
{
  "model": "admin.logentry",
  "pk": 29,
  "fields": {
    "action_time": "2023-01-19T16:22:29.613Z",
    "user": 1,
    "content_type": 10,
    "object_id": "3",
    "object_repr": "Town house in sahger",
    "action_flag": 2,
    "change_message": "[{\"changed\": {\"fields\": [\"Image\"]}}]"
  }
},
{
  "model": "admin.logentry",
  "pk": 30,
  "fields": {
    "action_time": "2023-01-19T16:22:30.319Z",
    "user": 1,
    "content_type": 10,
    "object_id": "3",
    "object_repr": "Town house in sahger",
    "action_flag": 2,
    "change_message": "[{\"changed\": {\"fields\": [\"Image\"]}}]"
  }
},
{
  "model": "admin.logentry",
  "pk": 31,
  "fields": {
    "action_time": "2023-01-19T18:14:57.101Z",
    "user": 1,
    "content_type": 10,
    "object_id": "9",
    "object_repr": "house for sale in shager",
    "action_flag": 3,
    "change_message": ""
  }
},
{
  "model": "admin.logentry",
  "pk": 32,
  "fields": {
    "action_time": "2023-01-19T18:14:57.404Z",
    "user": 1,
    "content_type": 10,
    "object_id": "8",
    "object_repr": "house for sale in shager",
    "action_flag": 3,
    "change_message": ""
  }
},
{
  "model": "admin.logentry",
  "pk": 33,
  "fields": {
    "action_time": "2023-01-19T18:14:57.637Z",
    "user": 1,
    "content_type": 10,
    "object_id": "7",
    "object_repr": "house for sale in shager",
    "action_flag": 3,
    "change_message": ""
  }
},
{
  "model": "admin.logentry",
  "pk": 34,
  "fields": {
    "action_time": "2023-01-19T18:14:57.971Z",
    "user": 1,
    "content_type": 10,
    "object_id": "6",
    "object_repr": "house for sale in shager",
    "action_flag": 3,
    "change_message": ""
  }
},
{
  "model": "admin.logentry",
  "pk": 35,
  "fields": {
    "action_time": "2023-01-19T18:14:58.192Z",
    "user": 1,
    "content_type": 10,
    "object_id": "5",
    "object_repr": "house for sale in shager",
    "action_flag": 3,
    "change_message": ""
  }
},
{
  "model": "admin.logentry",
  "pk": 36,
  "fields": {
    "action_time": "2023-01-19T18:15:07.184Z",
    "user": 1,
    "content_type": 10,
    "object_id": "4",
    "object_repr": "house for sale in shager",
    "action_flag": 3,
    "change_message": ""
  }
},
{
  "model": "admin.logentry",
  "pk": 37,
  "fields": {
    "action_time": "2023-01-19T18:15:07.448Z",
    "user": 1,
    "content_type": 10,
    "object_id": "3",
    "object_repr": "Town house in sahger",
    "action_flag": 3,
    "change_message": ""
  }
},
{
  "model": "admin.logentry",
  "pk": 38,
  "fields": {
    "action_time": "2023-01-19T18:51:00.536Z",
    "user": 1,
    "content_type": 10,
    "object_id": "11",
    "object_repr": "house for sale in shager",
    "action_flag": 3,
    "change_message": ""
  }
},
{
  "model": "admin.logentry",
  "pk": 39,
  "fields": {
    "action_time": "2023-01-19T18:51:11.162Z",
    "user": 1,
    "content_type": 10,
    "object_id": "10",
    "object_repr": "house for sale in shager",
    "action_flag": 3,
    "change_message": ""
  }
},
{
  "model": "admin.logentry",
  "pk": 40,
  "fields": {
    "action_time": "2023-01-19T18:57:19.937Z",
    "user": 1,
    "content_type": 10,
    "object_id": "12",
    "object_repr": "house for sale in shager",
    "action_flag": 3,
    "change_message": ""
  }
},
{
  "model": "admin.logentry",
  "pk": 41,
  "fields": {
    "action_time": "2023-01-19T19:42:12.243Z",
    "user": 1,
    "content_type": 10,
    "object_id": "15",
    "object_repr": "house for sale in shager",
    "action_flag": 3,
    "change_message": ""
  }
},
{
  "model": "admin.logentry",
  "pk": 42,
  "fields": {
    "action_time": "2023-01-19T19:42:12.453Z",
    "user": 1,
    "content_type": 10,
    "object_id": "14",
    "object_repr": "house for sale in shager",
    "action_flag": 3,
    "change_message": ""
  }
},
{
  "model": "admin.logentry",
  "pk": 43,
  "fields": {
    "action_time": "2023-01-19T19:42:12.675Z",
    "user": 1,
    "content_type": 10,
    "object_id": "13",
    "object_repr": "house for sale in shager",
    "action_flag": 3,
    "change_message": ""
  }
},
{
  "model": "admin.logentry",
  "pk": 44,
  "fields": {
    "action_time": "2023-01-20T03:17:53.951Z",
    "user": 1,
    "content_type": 10,
    "object_id": "18",
    "object_repr": "sell house in shager",
    "action_flag": 3,
    "change_message": ""
  }
},
{
  "model": "admin.logentry",
  "pk": 45,
  "fields": {
    "action_time": "2023-01-20T03:17:54.208Z",
    "user": 1,
    "content_type": 10,
    "object_id": "17",
    "object_repr": "house for sale in shager",
    "action_flag": 3,
    "change_message": ""
  }
},
{
  "model": "admin.logentry",
  "pk": 46,
  "fields": {
    "action_time": "2023-01-20T03:17:54.397Z",
    "user": 1,
    "content_type": 10,
    "object_id": "16",
    "object_repr": "house for sale in shager",
    "action_flag": 3,
    "change_message": ""
  }
},
{
  "model": "admin.logentry",
  "pk": 47,
  "fields": {
    "action_time": "2023-01-20T03:28:46.783Z",
    "user": 1,
    "content_type": 10,
    "object_id": "20",
    "object_repr": "sell house in shager",
    "action_flag": 3,
    "change_message": ""
  }
},
{
  "model": "admin.logentry",
  "pk": 48,
  "fields": {
    "action_time": "2023-01-20T03:28:47.033Z",
    "user": 1,
    "content_type": 10,
    "object_id": "19",
    "object_repr": "sell house in shager",
    "action_flag": 3,
    "change_message": ""
  }
},
{
  "model": "admin.logentry",
  "pk": 49,
  "fields": {
    "action_time": "2023-01-20T03:33:32.863Z",
    "user": 1,
    "content_type": 10,
    "object_id": "23",
    "object_repr": "sell house in shager",
    "action_flag": 3,
    "change_message": ""
  }
},
{
  "model": "admin.logentry",
  "pk": 50,
  "fields": {
    "action_time": "2023-01-20T03:33:33.094Z",
    "user": 1,
    "content_type": 10,
    "object_id": "22",
    "object_repr": "sell house in shager",
    "action_flag": 3,
    "change_message": ""
  }
},
{
  "model": "admin.logentry",
  "pk": 51,
  "fields": {
    "action_time": "2023-01-20T03:33:33.339Z",
    "user": 1,
    "content_type": 10,
    "object_id": "21",
    "object_repr": "sell house in shager",
    "action_flag": 3,
    "change_message": ""
  }
},
{
  "model": "admin.logentry",
  "pk": 52,
  "fields": {
    "action_time": "2023-01-20T03:37:22.216Z",
    "user": 1,
    "content_type": 10,
    "object_id": "2",
    "object_repr": "Town house",
    "action_flag": 2,
    "change_message": "[{\"changed\": {\"fields\": [\"Image\"]}}]"
  }
},
{
  "model": "admin.logentry",
  "pk": 53,
  "fields": {
    "action_time": "2023-01-20T03:55:03.464Z",
    "user": 1,
    "content_type": 10,
    "object_id": "25",
    "object_repr": "sell house in Neqamate",
    "action_flag": 3,
    "change_message": ""
  }
},
{
  "model": "admin.logentry",
  "pk": 54,
  "fields": {
    "action_time": "2023-01-20T03:55:03.690Z",
    "user": 1,
    "content_type": 10,
    "object_id": "24",
    "object_repr": "sell house in shager",
    "action_flag": 3,
    "change_message": ""
  }
},
{
  "model": "admin.logentry",
  "pk": 55,
  "fields": {
    "action_time": "2023-01-20T06:23:37.473Z",
    "user": 1,
    "content_type": 10,
    "object_id": "28",
    "object_repr": "town house with images",
    "action_flag": 3,
    "change_message": ""
  }
},
{
  "model": "admin.logentry",
  "pk": 56,
  "fields": {
    "action_time": "2023-01-20T06:23:37.754Z",
    "user": 1,
    "content_type": 10,
    "object_id": "27",
    "object_repr": "town house with images",
    "action_flag": 3,
    "change_message": ""
  }
},
{
  "model": "admin.logentry",
  "pk": 57,
  "fields": {
    "action_time": "2023-01-20T06:23:37.954Z",
    "user": 1,
    "content_type": 10,
    "object_id": "26",
    "object_repr": "town house with images",
    "action_flag": 3,
    "change_message": ""
  }
},
{
  "model": "admin.logentry",
  "pk": 58,
  "fields": {
    "action_time": "2023-01-20T12:23:06.729Z",
    "user": 1,
    "content_type": 7,
    "object_id": "7",
    "object_repr": "Tinsae",
    "action_flag": 1,
    "change_message": "[{\"added\": {}}]"
  }
},
{
  "model": "admin.logentry",
  "pk": 59,
  "fields": {
    "action_time": "2023-01-20T12:26:46.058Z",
    "user": 1,
    "content_type": 10,
    "object_id": "29",
    "object_repr": "new house in Mary land",
    "action_flag": 1,
    "change_message": "[{\"added\": {}}]"
  }
},
{
  "model": "admin.logentry",
  "pk": 60,
  "fields": {
    "action_time": "2023-01-21T05:43:15.116Z",
    "user": 1,
    "content_type": 10,
    "object_id": "2",
    "object_repr": "Town house",
    "action_flag": 2,
    "change_message": "[{\"changed\": {\"fields\": [\"Image\"]}}]"
  }
},
{
  "model": "admin.logentry",
  "pk": 61,
  "fields": {
    "action_time": "2023-01-21T05:44:53.923Z",
    "user": 1,
    "content_type": 10,
    "object_id": "30",
    "object_repr": "house for rent",
    "action_flag": 1,
    "change_message": "[{\"added\": {}}]"
  }
},
{
  "model": "admin.logentry",
  "pk": 62,
  "fields": {
    "action_time": "2023-01-21T05:47:21.498Z",
    "user": 1,
    "content_type": 10,
    "object_id": "31",
    "object_repr": "house for sell in Hawas",
    "action_flag": 1,
    "change_message": "[{\"added\": {}}]"
  }
},
{
  "model": "admin.logentry",
  "pk": 63,
  "fields": {
    "action_time": "2023-01-21T05:49:46.333Z",
    "user": 1,
    "content_type": 10,
    "object_id": "32",
    "object_repr": "Aparatama for sell in Ethiopia",
    "action_flag": 1,
    "change_message": "[{\"added\": {}}]"
  }
},
{
  "model": "admin.logentry",
  "pk": 64,
  "fields": {
    "action_time": "2023-01-21T06:00:16.855Z",
    "user": 1,
    "content_type": 7,
    "object_id": "8",
    "object_repr": "this first order",
    "action_flag": 2,
    "change_message": "[{\"changed\": {\"fields\": [\"Realtor\", \"Address\", \"Price\"]}}]"
  }
},
{
  "model": "admin.logentry",
  "pk": 65,
  "fields": {
    "action_time": "2023-01-21T06:33:06.106Z",
    "user": 1,
    "content_type": 7,
    "object_id": "4",
    "object_repr": "new order",
    "action_flag": 2,
    "change_message": "[{\"changed\": {\"fields\": [\"Address\", \"Price\"]}}]"
  }
},
{
  "model": "admin.logentry",
  "pk": 66,
  "fields": {
    "action_time": "2023-01-21T06:33:24.064Z",
    "user": 1,
    "content_type": 7,
    "object_id": "7",
    "object_repr": "Tinsae",
    "action_flag": 2,
    "change_message": "[{\"changed\": {\"fields\": [\"Price\"]}}]"
  }
},
{
  "model": "admin.logentry",
  "pk": 67,
  "fields": {
    "action_time": "2023-01-21T06:48:16.478Z",
    "user": 1,
    "content_type": 7,
    "object_id": "9",
    "object_repr": "new order from me",
    "action_flag": 2,
    "change_message": "[{\"changed\": {\"fields\": [\"Address\", \"Price\"]}}]"
  }
},
{
  "model": "admin.logentry",
  "pk": 68,
  "fields": {
    "action_time": "2023-01-21T12:08:53.128Z",
    "user": 1,
    "content_type": 10,
    "object_id": "32",
    "object_repr": "Aparatama for sell in Ethiopia",
    "action_flag": 2,
    "change_message": "[{\"changed\": {\"fields\": [\"Published\"]}}]"
  }
},
{
  "model": "admin.logentry",
  "pk": 69,
  "fields": {
    "action_time": "2023-01-21T12:10:17.904Z",
    "user": 1,
    "content_type": 10,
    "object_id": "32",
    "object_repr": "Townhouse for sell in Shager",
    "action_flag": 2,
    "change_message": "[{\"changed\": {\"fields\": [\"Title\", \"Price\"]}}]"
  }
},
{
  "model": "admin.logentry",
  "pk": 70,
  "fields": {
    "action_time": "2023-01-21T12:10:53.606Z",
    "user": 1,
    "content_type": 10,
    "object_id": "32",
    "object_repr": "Townhouse for sell in Shager",
    "action_flag": 2,
    "change_message": "[{\"changed\": {\"fields\": [\"Published\"]}}]"
  }
},
{
  "model": "admin.logentry",
  "pk": 71,
  "fields": {
    "action_time": "2023-01-21T12:11:45.201Z",
    "user": 1,
    "content_type": 10,
    "object_id": "32",
    "object_repr": "Townhouse for sell in Shager",
    "action_flag": 2,
    "change_message": "[{\"changed\": {\"fields\": [\"AvgRating\", \"Ratings\"]}}]"
  }
},
{
  "model": "admin.logentry",
  "pk": 72,
  "fields": {
    "action_time": "2023-01-21T12:17:09.459Z",
    "user": 1,
    "content_type": 10,
    "object_id": "33",
    "object_repr": "House of operah",
    "action_flag": 1,
    "change_message": "[{\"added\": {}}]"
  }
},
{
  "model": "admin.logentry",
  "pk": 73,
  "fields": {
    "action_time": "2023-01-21T12:21:27.149Z",
    "user": 1,
    "content_type": 10,
    "object_id": "31",
    "object_repr": "house for sell in Hawas",
    "action_flag": 3,
    "change_message": ""
  }
},
{
  "model": "admin.logentry",
  "pk": 74,
  "fields": {
    "action_time": "2023-01-21T12:22:19.607Z",
    "user": 1,
    "content_type": 7,
    "object_id": "11",
    "object_repr": "order with price and details",
    "action_flag": 3,
    "change_message": ""
  }
},
{
  "model": "admin.logentry",
  "pk": 75,
  "fields": {
    "action_time": "2023-01-21T12:22:19.812Z",
    "user": 1,
    "content_type": 7,
    "object_id": "9",
    "object_repr": "new order from me",
    "action_flag": 3,
    "change_message": ""
  }
},
{
  "model": "admin.logentry",
  "pk": 76,
  "fields": {
    "action_time": "2023-01-21T12:22:20.022Z",
    "user": 1,
    "content_type": 7,
    "object_id": "8",
    "object_repr": "this first order",
    "action_flag": 3,
    "change_message": ""
  }
},
{
  "model": "admin.logentry",
  "pk": 77,
  "fields": {
    "action_time": "2023-01-21T12:22:20.245Z",
    "user": 1,
    "content_type": 7,
    "object_id": "7",
    "object_repr": "Tinsae",
    "action_flag": 3,
    "change_message": ""
  }
},
{
  "model": "admin.logentry",
  "pk": 78,
  "fields": {
    "action_time": "2023-01-21T12:22:20.478Z",
    "user": 1,
    "content_type": 7,
    "object_id": "4",
    "object_repr": "new order",
    "action_flag": 3,
    "change_message": ""
  }
},
{
  "model": "admin.logentry",
  "pk": 79,
  "fields": {
    "action_time": "2023-01-22T13:55:42.752Z",
    "user": 1,
    "content_type": 6,
    "object_id": "8",
    "object_repr": "feven@gmail.com",
    "action_flag": 1,
    "change_message": "[{\"added\": {}}]"
  }
},
{
  "model": "admin.logentry",
  "pk": 80,
  "fields": {
    "action_time": "2023-01-22T13:56:57.453Z",
    "user": 1,
    "content_type": 6,
    "object_id": "8",
    "object_repr": "feven@gmail.com",
    "action_flag": 3,
    "change_message": ""
  }
},
{
  "model": "admin.logentry",
  "pk": 81,
  "fields": {
    "action_time": "2023-01-26T07:23:27.606Z",
    "user": 10,
    "content_type": 10,
    "object_id": "38",
    "object_repr": "dsfasdf",
    "action_flag": 3,
    "change_message": ""
  }
},
{
  "model": "admin.logentry",
  "pk": 82,
  "fields": {
    "action_time": "2023-01-26T07:23:27.934Z",
    "user": 10,
    "content_type": 10,
    "object_id": "37",
    "object_repr": "dsfasdf",
    "action_flag": 3,
    "change_message": ""
  }
},
{
  "model": "admin.logentry",
  "pk": 83,
  "fields": {
    "action_time": "2023-01-26T07:23:28.155Z",
    "user": 10,
    "content_type": 10,
    "object_id": "36",
    "object_repr": "new house 19",
    "action_flag": 3,
    "change_message": ""
  }
},
{
  "model": "admin.logentry",
  "pk": 84,
  "fields": {
    "action_time": "2023-01-26T07:23:28.389Z",
    "user": 10,
    "content_type": 10,
    "object_id": "35",
    "object_repr": "dsfasdf",
    "action_flag": 3,
    "change_message": ""
  }
},
{
  "model": "admin.logentry",
  "pk": 85,
  "fields": {
    "action_time": "2023-01-26T07:23:36.443Z",
    "user": 10,
    "content_type": 10,
    "object_id": "34",
    "object_repr": "dsfasdf",
    "action_flag": 3,
    "change_message": ""
  }
},
{
  "model": "admin.logentry",
  "pk": 86,
  "fields": {
    "action_time": "2023-01-26T12:01:47.256Z",
    "user": 10,
    "content_type": 10,
    "object_id": "43",
    "object_repr": "house for sale in shager",
    "action_flag": 3,
    "change_message": ""
  }
},
{
  "model": "admin.logentry",
  "pk": 87,
  "fields": {
    "action_time": "2023-01-26T12:01:47.859Z",
    "user": 10,
    "content_type": 10,
    "object_id": "42",
    "object_repr": "shager house",
    "action_flag": 3,
    "change_message": ""
  }
},
{
  "model": "admin.logentry",
  "pk": 88,
  "fields": {
    "action_time": "2023-01-26T12:01:48.420Z",
    "user": 10,
    "content_type": 10,
    "object_id": "41",
    "object_repr": "dsfasdf",
    "action_flag": 3,
    "change_message": ""
  }
},
{
  "model": "admin.logentry",
  "pk": 89,
  "fields": {
    "action_time": "2023-01-26T12:01:48.928Z",
    "user": 10,
    "content_type": 10,
    "object_id": "40",
    "object_repr": "dsfasdf",
    "action_flag": 3,
    "change_message": ""
  }
},
{
  "model": "admin.logentry",
  "pk": 90,
  "fields": {
    "action_time": "2023-01-26T12:01:49.128Z",
    "user": 10,
    "content_type": 10,
    "object_id": "39",
    "object_repr": "dsfasdf",
    "action_flag": 3,
    "change_message": ""
  }
},
{
  "model": "admin.logentry",
  "pk": 91,
  "fields": {
    "action_time": "2023-01-26T12:02:03.397Z",
    "user": 10,
    "content_type": 10,
    "object_id": "33",
    "object_repr": "House of operah",
    "action_flag": 3,
    "change_message": ""
  }
},
{
  "model": "admin.logentry",
  "pk": 92,
  "fields": {
    "action_time": "2023-01-26T12:02:03.686Z",
    "user": 10,
    "content_type": 10,
    "object_id": "32",
    "object_repr": "Townhouse for sell in Shager",
    "action_flag": 3,
    "change_message": ""
  }
},
{
  "model": "admin.logentry",
  "pk": 93,
  "fields": {
    "action_time": "2023-01-26T12:02:03.929Z",
    "user": 10,
    "content_type": 10,
    "object_id": "30",
    "object_repr": "house for rent",
    "action_flag": 3,
    "change_message": ""
  }
},
{
  "model": "admin.logentry",
  "pk": 94,
  "fields": {
    "action_time": "2023-01-26T12:02:21.016Z",
    "user": 10,
    "content_type": 10,
    "object_id": "29",
    "object_repr": "new house in Mary land",
    "action_flag": 3,
    "change_message": ""
  }
},
{
  "model": "admin.logentry",
  "pk": 95,
  "fields": {
    "action_time": "2023-01-26T12:33:00.752Z",
    "user": 1,
    "content_type": 10,
    "object_id": "44",
    "object_repr": "from mobile app",
    "action_flag": 2,
    "change_message": "[{\"changed\": {\"fields\": [\"Slug\", \"State\", \"House number\", \"Published\", \"Description\"]}}]"
  }
},
{
  "model": "admin.logentry",
  "pk": 96,
  "fields": {
    "action_time": "2023-01-26T12:33:43.594Z",
    "user": 1,
    "content_type": 10,
    "object_id": "44",
    "object_repr": "from mobile app",
    "action_flag": 2,
    "change_message": "[{\"changed\": {\"fields\": [\"Image 2\"]}}]"
  }
},
{
  "model": "admin.logentry",
  "pk": 97,
  "fields": {
    "action_time": "2023-01-26T12:38:07.149Z",
    "user": 1,
    "content_type": 10,
    "object_id": "45",
    "object_repr": "operas house for jazz",
    "action_flag": 2,
    "change_message": "[{\"changed\": {\"fields\": [\"Slug\", \"State\", \"House number\", \"Published\", \"Description\"]}}]"
  }
},
{
  "model": "admin.logentry",
  "pk": 98,
  "fields": {
    "action_time": "2023-01-26T17:25:49.529Z",
    "user": 10,
    "content_type": 7,
    "object_id": "13",
    "object_repr": "tinsing",
    "action_flag": 1,
    "change_message": "[{\"added\": {}}]"
  }
},
{
  "model": "admin.logentry",
  "pk": 99,
  "fields": {
    "action_time": "2023-01-26T17:44:20.559Z",
    "user": 10,
    "content_type": 7,
    "object_id": "14",
    "object_repr": "new order for me",
    "action_flag": 1,
    "change_message": "[{\"added\": {}}]"
  }
},
{
  "model": "admin.logentry",
  "pk": 100,
  "fields": {
    "action_time": "2023-01-26T18:05:33.460Z",
    "user": 10,
    "content_type": 7,
    "object_id": "14",
    "object_repr": "new order for me",
    "action_flag": 2,
    "change_message": "[]"
  }
},
{
  "model": "admin.logentry",
  "pk": 101,
  "fields": {
    "action_time": "2023-01-26T18:06:07.053Z",
    "user": 10,
    "content_type": 7,
    "object_id": "13",
    "object_repr": "tinsing",
    "action_flag": 2,
    "change_message": "[{\"changed\": {\"fields\": [\"Address\", \"Place\"]}}]"
  }
},
{
  "model": "admin.logentry",
  "pk": 102,
  "fields": {
    "action_time": "2023-01-26T18:08:08.263Z",
    "user": 10,
    "content_type": 7,
    "object_id": "15",
    "object_repr": "new order for me",
    "action_flag": 1,
    "change_message": "[{\"added\": {}}]"
  }
},
{
  "model": "admin.logentry",
  "pk": 103,
  "fields": {
    "action_time": "2023-01-26T18:10:08.972Z",
    "user": 10,
    "content_type": 7,
    "object_id": "16",
    "object_repr": "new order",
    "action_flag": 1,
    "change_message": "[{\"added\": {}}]"
  }
},
{
  "model": "admin.logentry",
  "pk": 104,
  "fields": {
    "action_time": "2023-01-27T12:51:03.670Z",
    "user": 10,
    "content_type": 7,
    "object_id": "16",
    "object_repr": "new order",
    "action_flag": 3,
    "change_message": ""
  }
},
{
  "model": "admin.logentry",
  "pk": 105,
  "fields": {
    "action_time": "2023-01-27T12:51:03.934Z",
    "user": 10,
    "content_type": 7,
    "object_id": "15",
    "object_repr": "new order for me",
    "action_flag": 3,
    "change_message": ""
  }
},
{
  "model": "admin.logentry",
  "pk": 106,
  "fields": {
    "action_time": "2023-01-27T12:51:04.122Z",
    "user": 10,
    "content_type": 7,
    "object_id": "14",
    "object_repr": "new order for me",
    "action_flag": 3,
    "change_message": ""
  }
},
{
  "model": "admin.logentry",
  "pk": 107,
  "fields": {
    "action_time": "2023-01-27T12:51:04.333Z",
    "user": 10,
    "content_type": 7,
    "object_id": "13",
    "object_repr": "tinsing",
    "action_flag": 3,
    "change_message": ""
  }
},
{
  "model": "admin.logentry",
  "pk": 108,
  "fields": {
    "action_time": "2023-01-27T12:52:28.381Z",
    "user": 10,
    "content_type": 7,
    "object_id": "18",
    "object_repr": "new orde from complete view",
    "action_flag": 3,
    "change_message": ""
  }
},
{
  "model": "admin.logentry",
  "pk": 109,
  "fields": {
    "action_time": "2023-01-27T13:28:32.094Z",
    "user": 1,
    "content_type": 7,
    "object_id": "20",
    "object_repr": "new order from mobile app",
    "action_flag": 3,
    "change_message": ""
  }
},
{
  "model": "admin.logentry",
  "pk": 110,
  "fields": {
    "action_time": "2023-01-27T13:28:32.689Z",
    "user": 1,
    "content_type": 7,
    "object_id": "19",
    "object_repr": "new orde from complete view",
    "action_flag": 3,
    "change_message": ""
  }
},
{
  "model": "admin.logentry",
  "pk": 111,
  "fields": {
    "action_time": "2023-01-27T13:37:46.503Z",
    "user": 1,
    "content_type": 7,
    "object_id": "17",
    "object_repr": "order for thunder for testing",
    "action_flag": 3,
    "change_message": ""
  }
},
{
  "model": "admin.logentry",
  "pk": 112,
  "fields": {
    "action_time": "2023-01-27T13:39:13.519Z",
    "user": 1,
    "content_type": 7,
    "object_id": "22",
    "object_repr": "idiot order",
    "action_flag": 3,
    "change_message": ""
  }
},
{
  "model": "admin.logentry",
  "pk": 113,
  "fields": {
    "action_time": "2023-01-27T13:40:25.460Z",
    "user": 1,
    "content_type": 7,
    "object_id": "23",
    "object_repr": "idiot order",
    "action_flag": 3,
    "change_message": ""
  }
},
{
  "model": "admin.logentry",
  "pk": 114,
  "fields": {
    "action_time": "2023-01-27T13:44:44.843Z",
    "user": 1,
    "content_type": 7,
    "object_id": "24",
    "object_repr": "idiot order",
    "action_flag": 3,
    "change_message": ""
  }
},
{
  "model": "admin.logentry",
  "pk": 115,
  "fields": {
    "action_time": "2023-01-27T13:44:56.668Z",
    "user": 1,
    "content_type": 7,
    "object_id": "21",
    "object_repr": "new order for low battery",
    "action_flag": 3,
    "change_message": ""
  }
},
{
  "model": "admin.logentry",
  "pk": 116,
  "fields": {
    "action_time": "2023-01-27T13:49:32.562Z",
    "user": 1,
    "content_type": 7,
    "object_id": "25",
    "object_repr": "idiot order",
    "action_flag": 3,
    "change_message": ""
  }
},
{
  "model": "admin.logentry",
  "pk": 117,
  "fields": {
    "action_time": "2023-01-27T14:06:17.008Z",
    "user": 1,
    "content_type": 7,
    "object_id": "26",
    "object_repr": "the most idot order",
    "action_flag": 3,
    "change_message": ""
  }
},
{
  "model": "admin.logentry",
  "pk": 118,
  "fields": {
    "action_time": "2023-01-28T11:03:28.554Z",
    "user": 1,
    "content_type": 7,
    "object_id": "27",
    "object_repr": "new order for me",
    "action_flag": 3,
    "change_message": ""
  }
},
{
  "model": "admin.logentry",
  "pk": 119,
  "fields": {
    "action_time": "2023-01-28T11:05:41.081Z",
    "user": 1,
    "content_type": 7,
    "object_id": "28",
    "object_repr": "new order for me",
    "action_flag": 2,
    "change_message": "[{\"changed\": {\"fields\": [\"Realtor\", \"Address\"]}}]"
  }
},
{
  "model": "admin.logentry",
  "pk": 120,
  "fields": {
    "action_time": "2023-01-29T18:04:02.872Z",
    "user": 10,
    "content_type": 7,
    "object_id": "29",
    "object_repr": "rip black sprit",
    "action_flag": 3,
    "change_message": ""
  }
},
{
  "model": "admin.logentry",
  "pk": 121,
  "fields": {
    "action_time": "2023-01-29T18:04:03.195Z",
    "user": 10,
    "content_type": 7,
    "object_id": "28",
    "object_repr": "new order for me",
    "action_flag": 3,
    "change_message": ""
  }
},
{
  "model": "admin.logentry",
  "pk": 122,
  "fields": {
    "action_time": "2023-01-29T19:25:26.707Z",
    "user": 10,
    "content_type": 7,
    "object_id": "31",
    "object_repr": "<ddf",
    "action_flag": 3,
    "change_message": ""
  }
},
{
  "model": "admin.logentry",
  "pk": 123,
  "fields": {
    "action_time": "2023-01-29T19:25:27.103Z",
    "user": 10,
    "content_type": 7,
    "object_id": "30",
    "object_repr": "hello",
    "action_flag": 3,
    "change_message": ""
  }
},
{
  "model": "admin.logentry",
  "pk": 124,
  "fields": {
    "action_time": "2023-01-29T19:26:55.827Z",
    "user": 10,
    "content_type": 10,
    "object_id": "45",
    "object_repr": "operas house for jazz",
    "action_flag": 2,
    "change_message": "[{\"changed\": {\"fields\": [\"Published\"]}}]"
  }
},
{
  "model": "admin.logentry",
  "pk": 125,
  "fields": {
    "action_time": "2023-01-29T19:42:10.515Z",
    "user": 10,
    "content_type": 10,
    "object_id": "44",
    "object_repr": "from mobile app",
    "action_flag": 2,
    "change_message": "[{\"changed\": {\"fields\": [\"Image\", \"Image 1\", \"Image 2\", \"Image 3\", \"Image 5\"]}}]"
  }
},
{
  "model": "admin.logentry",
  "pk": 126,
  "fields": {
    "action_time": "2023-01-30T10:22:29.274Z",
    "user": 1,
    "content_type": 10,
    "object_id": "1",
    "object_repr": "House for sell in Shager",
    "action_flag": 2,
    "change_message": "[{\"changed\": {\"fields\": [\"Description\"]}}]"
  }
},
{
  "model": "admin.logentry",
  "pk": 127,
  "fields": {
    "action_time": "2023-01-30T10:24:55.698Z",
    "user": 1,
    "content_type": 7,
    "object_id": "32",
    "object_repr": "order name",
    "action_flag": 3,
    "change_message": ""
  }
},
{
  "model": "admin.logentry",
  "pk": 128,
  "fields": {
    "action_time": "2023-01-30T10:51:51.726Z",
    "user": 1,
    "content_type": 7,
    "object_id": "34",
    "object_repr": "new order",
    "action_flag": 3,
    "change_message": ""
  }
},
{
  "model": "admin.logentry",
  "pk": 129,
  "fields": {
    "action_time": "2023-01-30T10:51:51.999Z",
    "user": 1,
    "content_type": 7,
    "object_id": "33",
    "object_repr": "hey",
    "action_flag": 3,
    "change_message": ""
  }
},
{
  "model": "admin.logentry",
  "pk": 130,
  "fields": {
    "action_time": "2023-01-30T15:43:14.147Z",
    "user": 1,
    "content_type": 7,
    "object_id": "36",
    "object_repr": "new order",
    "action_flag": 3,
    "change_message": ""
  }
},
{
  "model": "admin.logentry",
  "pk": 131,
  "fields": {
    "action_time": "2023-01-30T15:43:14.761Z",
    "user": 1,
    "content_type": 7,
    "object_id": "35",
    "object_repr": "new order",
    "action_flag": 3,
    "change_message": ""
  }
},
{
  "model": "admin.logentry",
  "pk": 132,
  "fields": {
    "action_time": "2023-01-30T15:49:17.362Z",
    "user": 1,
    "content_type": 7,
    "object_id": "37",
    "object_repr": "new order",
    "action_flag": 3,
    "change_message": ""
  }
},
{
  "model": "admin.logentry",
  "pk": 133,
  "fields": {
    "action_time": "2023-01-30T15:54:38.427Z",
    "user": 1,
    "content_type": 7,
    "object_id": "38",
    "object_repr": "new order",
    "action_flag": 3,
    "change_message": ""
  }
},
{
  "model": "admin.logentry",
  "pk": 134,
  "fields": {
    "action_time": "2023-01-30T15:55:01.295Z",
    "user": 1,
    "content_type": 7,
    "object_id": "39",
    "object_repr": "new order",
    "action_flag": 3,
    "change_message": ""
  }
},
{
  "model": "admin.logentry",
  "pk": 135,
  "fields": {
    "action_time": "2023-01-30T15:57:17.311Z",
    "user": 1,
    "content_type": 7,
    "object_id": "40",
    "object_repr": "new order",
    "action_flag": 3,
    "change_message": ""
  }
},
{
  "model": "admin.logentry",
  "pk": 136,
  "fields": {
    "action_time": "2023-01-30T16:01:04.349Z",
    "user": 1,
    "content_type": 9,
    "object_id": "12",
    "object_repr": "Halellujah",
    "action_flag": 2,
    "change_message": "[{\"changed\": {\"fields\": [\"Name\", \"Photo\", \"Description\", \"Phone\", \"Top seller\"]}}]"
  }
},
{
  "model": "admin.logentry",
  "pk": 137,
  "fields": {
    "action_time": "2023-01-30T18:23:31.228Z",
    "user": 1,
    "content_type": 10,
    "object_id": "44",
    "object_repr": "from mobile app",
    "action_flag": 2,
    "change_message": "[{\"changed\": {\"fields\": [\"Description\"]}}]"
  }
},
{
  "model": "admin.logentry",
  "pk": 138,
  "fields": {
    "action_time": "2023-01-30T18:39:41.938Z",
    "user": 1,
    "content_type": 10,
    "object_id": "46",
    "object_repr": "new house from this dorm",
    "action_flag": 2,
    "change_message": "[{\"changed\": {\"fields\": [\"Slug\", \"State\", \"House number\", \"Published\", \"Description\"]}}]"
  }
},
{
  "model": "admin.logentry",
  "pk": 139,
  "fields": {
    "action_time": "2023-01-30T18:42:50.086Z",
    "user": 1,
    "content_type": 7,
    "object_id": "43",
    "object_repr": "new order with",
    "action_flag": 3,
    "change_message": ""
  }
},
{
  "model": "admin.logentry",
  "pk": 140,
  "fields": {
    "action_time": "2023-01-30T19:19:07.359Z",
    "user": 1,
    "content_type": 11,
    "object_id": "1",
    "object_repr": "Favorite object (1)",
    "action_flag": 1,
    "change_message": "[{\"added\": {}}]"
  }
},
{
  "model": "admin.logentry",
  "pk": 141,
  "fields": {
    "action_time": "2023-01-30T20:04:26.749Z",
    "user": 1,
    "content_type": 11,
    "object_id": "8",
    "object_repr": "None",
    "action_flag": 3,
    "change_message": ""
  }
},
{
  "model": "admin.logentry",
  "pk": 142,
  "fields": {
    "action_time": "2023-01-30T20:04:40.837Z",
    "user": 1,
    "content_type": 11,
    "object_id": "7",
    "object_repr": "None",
    "action_flag": 3,
    "change_message": ""
  }
},
{
  "model": "admin.logentry",
  "pk": 143,
  "fields": {
    "action_time": "2023-01-30T20:04:41.065Z",
    "user": 1,
    "content_type": 11,
    "object_id": "6",
    "object_repr": "None",
    "action_flag": 3,
    "change_message": ""
  }
},
{
  "model": "admin.logentry",
  "pk": 144,
  "fields": {
    "action_time": "2023-01-30T20:04:41.377Z",
    "user": 1,
    "content_type": 11,
    "object_id": "5",
    "object_repr": "None",
    "action_flag": 3,
    "change_message": ""
  }
},
{
  "model": "admin.logentry",
  "pk": 145,
  "fields": {
    "action_time": "2023-01-30T20:04:41.587Z",
    "user": 1,
    "content_type": 11,
    "object_id": "4",
    "object_repr": "None",
    "action_flag": 3,
    "change_message": ""
  }
},
{
  "model": "admin.logentry",
  "pk": 146,
  "fields": {
    "action_time": "2023-01-30T20:04:41.787Z",
    "user": 1,
    "content_type": 11,
    "object_id": "3",
    "object_repr": "None",
    "action_flag": 3,
    "change_message": ""
  }
},
{
  "model": "admin.logentry",
  "pk": 147,
  "fields": {
    "action_time": "2023-01-30T20:04:41.987Z",
    "user": 1,
    "content_type": 11,
    "object_id": "1",
    "object_repr": "new house from this dorm",
    "action_flag": 3,
    "change_message": ""
  }
},
{
  "model": "admin.logentry",
  "pk": 148,
  "fields": {
    "action_time": "2023-01-30T20:13:35.284Z",
    "user": 1,
    "content_type": 11,
    "object_id": "10",
    "object_repr": "House for sell in Shager",
    "action_flag": 3,
    "change_message": ""
  }
},
{
  "model": "admin.logentry",
  "pk": 149,
  "fields": {
    "action_time": "2023-01-30T20:13:35.499Z",
    "user": 1,
    "content_type": 11,
    "object_id": "9",
    "object_repr": "new house from this dorm",
    "action_flag": 3,
    "change_message": ""
  }
},
{
  "model": "admin.logentry",
  "pk": 150,
  "fields": {
    "action_time": "2023-01-31T19:41:49.204Z",
    "user": 1,
    "content_type": 10,
    "object_id": "46",
    "object_repr": "new house from this dorm",
    "action_flag": 2,
    "change_message": "[{\"changed\": {\"fields\": [\"Image\", \"Image 1\", \"Image 2\", \"Image 3\", \"Image 4\", \"Image 5\"]}}]"
  }
},
{
  "model": "admin.logentry",
  "pk": 151,
  "fields": {
    "action_time": "2023-01-31T19:45:11.219Z",
    "user": 1,
    "content_type": 10,
    "object_id": "46",
    "object_repr": "new house from this dorm",
    "action_flag": 2,
    "change_message": "[{\"changed\": {\"fields\": [\"Description\"]}}]"
  }
},
{
  "model": "admin.logentry",
  "pk": 152,
  "fields": {
    "action_time": "2023-02-01T08:20:35.662Z",
    "user": 10,
    "content_type": 7,
    "object_id": "44",
    "object_repr": "new order with",
    "action_flag": 3,
    "change_message": ""
  }
},
{
  "model": "admin.logentry",
  "pk": 153,
  "fields": {
    "action_time": "2023-02-01T08:20:35.937Z",
    "user": 10,
    "content_type": 7,
    "object_id": "42",
    "object_repr": "new order for me",
    "action_flag": 3,
    "change_message": ""
  }
},
{
  "model": "admin.logentry",
  "pk": 154,
  "fields": {
    "action_time": "2023-02-01T08:20:36.146Z",
    "user": 10,
    "content_type": 7,
    "object_id": "41",
    "object_repr": "new order",
    "action_flag": 3,
    "change_message": ""
  }
},
{
  "model": "admin.logentry",
  "pk": 155,
  "fields": {
    "action_time": "2023-02-01T08:22:18.453Z",
    "user": 10,
    "content_type": 7,
    "object_id": "45",
    "object_repr": "order name",
    "action_flag": 3,
    "change_message": ""
  }
},
{
  "model": "admin.logentry",
  "pk": 156,
  "fields": {
    "action_time": "2023-02-01T08:43:19.443Z",
    "user": 10,
    "content_type": 10,
    "object_id": "47",
    "object_repr": "test house",
    "action_flag": 2,
    "change_message": "[{\"changed\": {\"fields\": [\"Slug\", \"State\", \"House number\", \"Published\", \"Description\", \"AvgRating\", \"Ratings\"]}}]"
  }
},
{
  "model": "admin.logentry",
  "pk": 157,
  "fields": {
    "action_time": "2023-02-01T20:58:46.613Z",
    "user": 10,
    "content_type": 10,
    "object_id": "45",
    "object_repr": "operas house for jazz",
    "action_flag": 2,
    "change_message": "[{\"changed\": {\"fields\": [\"Realtor\"]}}]"
  }
},
{
  "model": "admin.logentry",
  "pk": 158,
  "fields": {
    "action_time": "2023-02-01T21:17:36.133Z",
    "user": 11,
    "content_type": 9,
    "object_id": "13",
    "object_repr": "Feven",
    "action_flag": 2,
    "change_message": "[{\"changed\": {\"fields\": [\"Name\", \"Photo\", \"Description\", \"Phone\", \"Top seller\"]}}]"
  }
},
{
  "model": "admin.logentry",
  "pk": 159,
  "fields": {
    "action_time": "2023-02-01T21:18:24.303Z",
    "user": 11,
    "content_type": 10,
    "object_id": "52",
    "object_repr": "new house",
    "action_flag": 2,
    "change_message": "[{\"changed\": {\"fields\": [\"Realtor\", \"Slug\", \"State\", \"House number\", \"Description\"]}}]"
  }
},
{
  "model": "admin.logentry",
  "pk": 160,
  "fields": {
    "action_time": "2023-02-01T21:19:07.847Z",
    "user": 11,
    "content_type": 10,
    "object_id": "51",
    "object_repr": "new house",
    "action_flag": 2,
    "change_message": "[{\"changed\": {\"fields\": [\"Slug\", \"State\", \"House number\", \"Published\", \"Description\"]}}]"
  }
},
{
  "model": "admin.logentry",
  "pk": 161,
  "fields": {
    "action_time": "2023-02-01T21:20:57.905Z",
    "user": 11,
    "content_type": 10,
    "object_id": "51",
    "object_repr": "new house",
    "action_flag": 2,
    "change_message": "[{\"changed\": {\"fields\": [\"Realtor\"]}}]"
  }
},
{
  "model": "admin.logentry",
  "pk": 162,
  "fields": {
    "action_time": "2023-02-01T21:22:51.874Z",
    "user": 11,
    "content_type": 10,
    "object_id": "50",
    "object_repr": "new house",
    "action_flag": 2,
    "change_message": "[{\"changed\": {\"fields\": [\"Realtor\", \"Slug\", \"State\", \"House number\", \"Published\", \"Description\"]}}]"
  }
},
{
  "model": "admin.logentry",
  "pk": 163,
  "fields": {
    "action_time": "2023-02-01T21:24:13.000Z",
    "user": 11,
    "content_type": 10,
    "object_id": "48",
    "object_repr": "new title from house",
    "action_flag": 2,
    "change_message": "[{\"changed\": {\"fields\": [\"Realtor\", \"Slug\", \"State\", \"House number\", \"Description\"]}}]"
  }
},
{
  "model": "admin.logentry",
  "pk": 164,
  "fields": {
    "action_time": "2023-02-02T12:17:27.038Z",
    "user": 1,
    "content_type": 10,
    "object_id": "52",
    "object_repr": "new house",
    "action_flag": 2,
    "change_message": "[{\"changed\": {\"fields\": [\"Image\", \"Image 1\"]}}]"
  }
},
{
  "model": "admin.logentry",
  "pk": 165,
  "fields": {
    "action_time": "2023-02-02T12:18:48.251Z",
    "user": 1,
    "content_type": 10,
    "object_id": "51",
    "object_repr": "new house",
    "action_flag": 2,
    "change_message": "[{\"changed\": {\"fields\": [\"Realtor\"]}}]"
  }
},
{
  "model": "admin.logentry",
  "pk": 166,
  "fields": {
    "action_time": "2023-02-02T12:19:36.826Z",
    "user": 1,
    "content_type": 10,
    "object_id": "49",
    "object_repr": "new title",
    "action_flag": 2,
    "change_message": "[{\"changed\": {\"fields\": [\"Realtor\", \"Slug\", \"State\", \"House number\", \"Description\"]}}]"
  }
},
{
  "model": "admin.logentry",
  "pk": 167,
  "fields": {
    "action_time": "2023-02-04T08:14:03.406Z",
    "user": 12,
    "content_type": 12,
    "object_id": "2",
    "object_repr": "hello@gmail.com",
    "action_flag": 3,
    "change_message": ""
  }
},
{
  "model": "admin.logentry",
  "pk": 168,
  "fields": {
    "action_time": "2023-02-04T08:14:03.636Z",
    "user": 12,
    "content_type": 12,
    "object_id": "1",
    "object_repr": "tinsingjobs23k@gmail.com",
    "action_flag": 3,
    "change_message": ""
  }
},
{
  "model": "admin.logentry",
  "pk": 169,
  "fields": {
    "action_time": "2023-02-04T08:16:30.377Z",
    "user": 12,
    "content_type": 12,
    "object_id": "3",
    "object_repr": "hello@gmail.com",
    "action_flag": 3,
    "change_message": ""
  }
},
{
  "model": "admin.logentry",
  "pk": 170,
  "fields": {
    "action_time": "2023-02-04T08:34:31.861Z",
    "user": 12,
    "content_type": 10,
    "object_id": "52",
    "object_repr": "new house",
    "action_flag": 2,
    "change_message": "[{\"changed\": {\"fields\": [\"Published\"]}}]"
  }
},
{
  "model": "admin.logentry",
  "pk": 171,
  "fields": {
    "action_time": "2023-02-04T08:36:10.516Z",
    "user": 12,
    "content_type": 10,
    "object_id": "52",
    "object_repr": "new house",
    "action_flag": 2,
    "change_message": "[{\"changed\": {\"fields\": [\"Published\"]}}]"
  }
},
{
  "model": "admin.logentry",
  "pk": 172,
  "fields": {
    "action_time": "2023-02-04T08:36:26.267Z",
    "user": 12,
    "content_type": 10,
    "object_id": "52",
    "object_repr": "new house",
    "action_flag": 2,
    "change_message": "[{\"changed\": {\"fields\": [\"Published\"]}}]"
  }
},
{
  "model": "admin.logentry",
  "pk": 173,
  "fields": {
    "action_time": "2023-02-04T09:18:57.818Z",
    "user": 12,
    "content_type": 10,
    "object_id": "52",
    "object_repr": "new house",
    "action_flag": 2,
    "change_message": "[{\"changed\": {\"fields\": [\"Published\"]}}]"
  }
},
{
  "model": "admin.logentry",
  "pk": 174,
  "fields": {
    "action_time": "2023-02-04T09:19:16.675Z",
    "user": 12,
    "content_type": 10,
    "object_id": "51",
    "object_repr": "new house",
    "action_flag": 2,
    "change_message": "[{\"changed\": {\"fields\": [\"Published\"]}}]"
  }
},
{
  "model": "admin.logentry",
  "pk": 175,
  "fields": {
    "action_time": "2023-02-04T09:19:31.367Z",
    "user": 12,
    "content_type": 10,
    "object_id": "52",
    "object_repr": "new house",
    "action_flag": 2,
    "change_message": "[{\"changed\": {\"fields\": [\"Published\"]}}]"
  }
},
{
  "model": "admin.logentry",
  "pk": 176,
  "fields": {
    "action_time": "2023-02-04T09:20:13.890Z",
    "user": 12,
    "content_type": 10,
    "object_id": "52",
    "object_repr": "new house",
    "action_flag": 2,
    "change_message": "[{\"changed\": {\"fields\": [\"Published\"]}}]"
  }
},
{
  "model": "admin.logentry",
  "pk": 177,
  "fields": {
    "action_time": "2023-02-04T09:20:32.496Z",
    "user": 12,
    "content_type": 10,
    "object_id": "52",
    "object_repr": "new house",
    "action_flag": 2,
    "change_message": "[{\"changed\": {\"fields\": [\"Published\"]}}]"
  }
},
{
  "model": "admin.logentry",
  "pk": 178,
  "fields": {
    "action_time": "2023-02-04T09:27:54.601Z",
    "user": 12,
    "content_type": 10,
    "object_id": "51",
    "object_repr": "new house",
    "action_flag": 2,
    "change_message": "[{\"changed\": {\"fields\": [\"Published\"]}}]"
  }
},
{
  "model": "admin.logentry",
  "pk": 179,
  "fields": {
    "action_time": "2023-02-04T09:29:33.509Z",
    "user": 12,
    "content_type": 10,
    "object_id": "49",
    "object_repr": "new title",
    "action_flag": 2,
    "change_message": "[{\"changed\": {\"fields\": [\"Published\"]}}]"
  }
},
{
  "model": "admin.logentry",
  "pk": 180,
  "fields": {
    "action_time": "2023-02-04T09:31:08.377Z",
    "user": 12,
    "content_type": 10,
    "object_id": "52",
    "object_repr": "new house",
    "action_flag": 2,
    "change_message": "[{\"changed\": {\"fields\": [\"Published\"]}}]"
  }
},
{
  "model": "admin.logentry",
  "pk": 181,
  "fields": {
    "action_time": "2023-02-04T09:31:20.854Z",
    "user": 12,
    "content_type": 10,
    "object_id": "52",
    "object_repr": "new house",
    "action_flag": 2,
    "change_message": "[{\"changed\": {\"fields\": [\"Published\"]}}]"
  }
},
{
  "model": "admin.logentry",
  "pk": 182,
  "fields": {
    "action_time": "2023-02-04T09:32:00.783Z",
    "user": 12,
    "content_type": 10,
    "object_id": "52",
    "object_repr": "new house",
    "action_flag": 2,
    "change_message": "[{\"changed\": {\"fields\": [\"Published\"]}}]"
  }
},
{
  "model": "admin.logentry",
  "pk": 183,
  "fields": {
    "action_time": "2023-02-04T09:32:10.518Z",
    "user": 12,
    "content_type": 10,
    "object_id": "52",
    "object_repr": "new house",
    "action_flag": 2,
    "change_message": "[{\"changed\": {\"fields\": [\"Published\"]}}]"
  }
},
{
  "model": "admin.logentry",
  "pk": 184,
  "fields": {
    "action_time": "2023-02-04T09:42:47.017Z",
    "user": 12,
    "content_type": 10,
    "object_id": "51",
    "object_repr": "new house",
    "action_flag": 2,
    "change_message": "[{\"changed\": {\"fields\": [\"Published\"]}}]"
  }
},
{
  "model": "admin.logentry",
  "pk": 185,
  "fields": {
    "action_time": "2023-02-04T09:42:55.153Z",
    "user": 12,
    "content_type": 10,
    "object_id": "52",
    "object_repr": "new house",
    "action_flag": 2,
    "change_message": "[{\"changed\": {\"fields\": [\"Published\"]}}]"
  }
},
{
  "model": "auth.permission",
  "pk": 1,
  "fields": {
    "name": "Can add log entry",
    "content_type": 1,
    "codename": "add_logentry"
  }
},
{
  "model": "auth.permission",
  "pk": 2,
  "fields": {
    "name": "Can change log entry",
    "content_type": 1,
    "codename": "change_logentry"
  }
},
{
  "model": "auth.permission",
  "pk": 3,
  "fields": {
    "name": "Can delete log entry",
    "content_type": 1,
    "codename": "delete_logentry"
  }
},
{
  "model": "auth.permission",
  "pk": 4,
  "fields": {
    "name": "Can view log entry",
    "content_type": 1,
    "codename": "view_logentry"
  }
},
{
  "model": "auth.permission",
  "pk": 5,
  "fields": {
    "name": "Can add permission",
    "content_type": 2,
    "codename": "add_permission"
  }
},
{
  "model": "auth.permission",
  "pk": 6,
  "fields": {
    "name": "Can change permission",
    "content_type": 2,
    "codename": "change_permission"
  }
},
{
  "model": "auth.permission",
  "pk": 7,
  "fields": {
    "name": "Can delete permission",
    "content_type": 2,
    "codename": "delete_permission"
  }
},
{
  "model": "auth.permission",
  "pk": 8,
  "fields": {
    "name": "Can view permission",
    "content_type": 2,
    "codename": "view_permission"
  }
},
{
  "model": "auth.permission",
  "pk": 9,
  "fields": {
    "name": "Can add group",
    "content_type": 3,
    "codename": "add_group"
  }
},
{
  "model": "auth.permission",
  "pk": 10,
  "fields": {
    "name": "Can change group",
    "content_type": 3,
    "codename": "change_group"
  }
},
{
  "model": "auth.permission",
  "pk": 11,
  "fields": {
    "name": "Can delete group",
    "content_type": 3,
    "codename": "delete_group"
  }
},
{
  "model": "auth.permission",
  "pk": 12,
  "fields": {
    "name": "Can view group",
    "content_type": 3,
    "codename": "view_group"
  }
},
{
  "model": "auth.permission",
  "pk": 13,
  "fields": {
    "name": "Can add content type",
    "content_type": 4,
    "codename": "add_contenttype"
  }
},
{
  "model": "auth.permission",
  "pk": 14,
  "fields": {
    "name": "Can change content type",
    "content_type": 4,
    "codename": "change_contenttype"
  }
},
{
  "model": "auth.permission",
  "pk": 15,
  "fields": {
    "name": "Can delete content type",
    "content_type": 4,
    "codename": "delete_contenttype"
  }
},
{
  "model": "auth.permission",
  "pk": 16,
  "fields": {
    "name": "Can view content type",
    "content_type": 4,
    "codename": "view_contenttype"
  }
},
{
  "model": "auth.permission",
  "pk": 17,
  "fields": {
    "name": "Can add session",
    "content_type": 5,
    "codename": "add_session"
  }
},
{
  "model": "auth.permission",
  "pk": 18,
  "fields": {
    "name": "Can change session",
    "content_type": 5,
    "codename": "change_session"
  }
},
{
  "model": "auth.permission",
  "pk": 19,
  "fields": {
    "name": "Can delete session",
    "content_type": 5,
    "codename": "delete_session"
  }
},
{
  "model": "auth.permission",
  "pk": 20,
  "fields": {
    "name": "Can view session",
    "content_type": 5,
    "codename": "view_session"
  }
},
{
  "model": "auth.permission",
  "pk": 21,
  "fields": {
    "name": "Can add user account",
    "content_type": 6,
    "codename": "add_useraccount"
  }
},
{
  "model": "auth.permission",
  "pk": 22,
  "fields": {
    "name": "Can change user account",
    "content_type": 6,
    "codename": "change_useraccount"
  }
},
{
  "model": "auth.permission",
  "pk": 23,
  "fields": {
    "name": "Can delete user account",
    "content_type": 6,
    "codename": "delete_useraccount"
  }
},
{
  "model": "auth.permission",
  "pk": 24,
  "fields": {
    "name": "Can view user account",
    "content_type": 6,
    "codename": "view_useraccount"
  }
},
{
  "model": "auth.permission",
  "pk": 25,
  "fields": {
    "name": "Can add order",
    "content_type": 7,
    "codename": "add_order"
  }
},
{
  "model": "auth.permission",
  "pk": 26,
  "fields": {
    "name": "Can change order",
    "content_type": 7,
    "codename": "change_order"
  }
},
{
  "model": "auth.permission",
  "pk": 27,
  "fields": {
    "name": "Can delete order",
    "content_type": 7,
    "codename": "delete_order"
  }
},
{
  "model": "auth.permission",
  "pk": 28,
  "fields": {
    "name": "Can view order",
    "content_type": 7,
    "codename": "view_order"
  }
},
{
  "model": "auth.permission",
  "pk": 29,
  "fields": {
    "name": "Can add order item",
    "content_type": 8,
    "codename": "add_orderitem"
  }
},
{
  "model": "auth.permission",
  "pk": 30,
  "fields": {
    "name": "Can change order item",
    "content_type": 8,
    "codename": "change_orderitem"
  }
},
{
  "model": "auth.permission",
  "pk": 31,
  "fields": {
    "name": "Can delete order item",
    "content_type": 8,
    "codename": "delete_orderitem"
  }
},
{
  "model": "auth.permission",
  "pk": 32,
  "fields": {
    "name": "Can view order item",
    "content_type": 8,
    "codename": "view_orderitem"
  }
},
{
  "model": "auth.permission",
  "pk": 33,
  "fields": {
    "name": "Can add realtor",
    "content_type": 9,
    "codename": "add_realtor"
  }
},
{
  "model": "auth.permission",
  "pk": 34,
  "fields": {
    "name": "Can change realtor",
    "content_type": 9,
    "codename": "change_realtor"
  }
},
{
  "model": "auth.permission",
  "pk": 35,
  "fields": {
    "name": "Can delete realtor",
    "content_type": 9,
    "codename": "delete_realtor"
  }
},
{
  "model": "auth.permission",
  "pk": 36,
  "fields": {
    "name": "Can view realtor",
    "content_type": 9,
    "codename": "view_realtor"
  }
},
{
  "model": "auth.permission",
  "pk": 37,
  "fields": {
    "name": "Can add listing",
    "content_type": 10,
    "codename": "add_listing"
  }
},
{
  "model": "auth.permission",
  "pk": 38,
  "fields": {
    "name": "Can change listing",
    "content_type": 10,
    "codename": "change_listing"
  }
},
{
  "model": "auth.permission",
  "pk": 39,
  "fields": {
    "name": "Can delete listing",
    "content_type": 10,
    "codename": "delete_listing"
  }
},
{
  "model": "auth.permission",
  "pk": 40,
  "fields": {
    "name": "Can view listing",
    "content_type": 10,
    "codename": "view_listing"
  }
},
{
  "model": "auth.permission",
  "pk": 41,
  "fields": {
    "name": "Can add favorite",
    "content_type": 11,
    "codename": "add_favorite"
  }
},
{
  "model": "auth.permission",
  "pk": 42,
  "fields": {
    "name": "Can change favorite",
    "content_type": 11,
    "codename": "change_favorite"
  }
},
{
  "model": "auth.permission",
  "pk": 43,
  "fields": {
    "name": "Can delete favorite",
    "content_type": 11,
    "codename": "delete_favorite"
  }
},
{
  "model": "auth.permission",
  "pk": 44,
  "fields": {
    "name": "Can view favorite",
    "content_type": 11,
    "codename": "view_favorite"
  }
},
{
  "model": "auth.permission",
  "pk": 45,
  "fields": {
    "name": "Can add subscriber",
    "content_type": 12,
    "codename": "add_subscriber"
  }
},
{
  "model": "auth.permission",
  "pk": 46,
  "fields": {
    "name": "Can change subscriber",
    "content_type": 12,
    "codename": "change_subscriber"
  }
},
{
  "model": "auth.permission",
  "pk": 47,
  "fields": {
    "name": "Can delete subscriber",
    "content_type": 12,
    "codename": "delete_subscriber"
  }
},
{
  "model": "auth.permission",
  "pk": 48,
  "fields": {
    "name": "Can view subscriber",
    "content_type": 12,
    "codename": "view_subscriber"
  }
},
{
  "model": "contenttypes.contenttype",
  "pk": 1,
  "fields": {
    "app_label": "admin",
    "model": "logentry"
  }
},
{
  "model": "contenttypes.contenttype",
  "pk": 2,
  "fields": {
    "app_label": "auth",
    "model": "permission"
  }
},
{
  "model": "contenttypes.contenttype",
  "pk": 3,
  "fields": {
    "app_label": "auth",
    "model": "group"
  }
},
{
  "model": "contenttypes.contenttype",
  "pk": 4,
  "fields": {
    "app_label": "contenttypes",
    "model": "contenttype"
  }
},
{
  "model": "contenttypes.contenttype",
  "pk": 5,
  "fields": {
    "app_label": "sessions",
    "model": "session"
  }
},
{
  "model": "contenttypes.contenttype",
  "pk": 6,
  "fields": {
    "app_label": "accounts",
    "model": "useraccount"
  }
},
{
  "model": "contenttypes.contenttype",
  "pk": 7,
  "fields": {
    "app_label": "order",
    "model": "order"
  }
},
{
  "model": "contenttypes.contenttype",
  "pk": 8,
  "fields": {
    "app_label": "order",
    "model": "orderitem"
  }
},
{
  "model": "contenttypes.contenttype",
  "pk": 9,
  "fields": {
    "app_label": "realtors",
    "model": "realtor"
  }
},
{
  "model": "contenttypes.contenttype",
  "pk": 10,
  "fields": {
    "app_label": "listings",
    "model": "listing"
  }
},
{
  "model": "contenttypes.contenttype",
  "pk": 11,
  "fields": {
    "app_label": "favorites",
    "model": "favorite"
  }
},
{
  "model": "contenttypes.contenttype",
  "pk": 12,
  "fields": {
    "app_label": "subscriber",
    "model": "subscriber"
  }
},
{
  "model": "sessions.session",
  "pk": "0vetm1o6vpwpoy5ox9lw8kl9u4t0vlnj",
  "fields": {
    "session_data": ".eJxVjDsOwyAQRO9CHSFg-aZM7zOgxayDkwgkY1dR7h5bcpFounlv5s0ibmuJW6clzpldmVTs8lsmHJ9UD5IfWO-Nj62uy5z4ofCTdj60TK_b6f4dFOxlXytFXts9pKwA9MlSkMLQ5LRORAQINug8IRjvNKBMzhsthEEI3gfFPl_oAjb0:1pODdD:wNUQTJgjwiCcCTPhstdFtuuYZ9a5R-iCKas7nNz2Ke8",
    "expire_date": "2023-02-18T08:10:43.514Z"
  }
},
{
  "model": "sessions.session",
  "pk": "1nzfdpv6mvl4l7djow8ht2t7xgdyb5hi",
  "fields": {
    "session_data": ".eJxVjMsOwiAQRf-FtSHlDS7d-w2EYRipGkhKuzL-uzbpQrf3nHNfLKZtrXEbZYkzsjMT7PS7QcqP0naA99Runefe1mUGviv8oINfO5bn5XD_Dmoa9Vsb1EE4AQQolcLiUwg0USIvlUBtVUZhIThDQCS9xUlrcjlbMs44NOz9AfPaOE0:1pJZpS:dpgsTgKTPu1JWxi1n_y-Ah9uNHMNMj5BnCXKiy31utU",
    "expire_date": "2023-02-05T12:52:10.424Z"
  }
},
{
  "model": "sessions.session",
  "pk": "5ybkcro5og82jcfh1mrtg36z10hqmotc",
  "fields": {
    "session_data": "e30:1pINm9:VSJaGEvYEVOtRNt9QCOCfJoX7gO4UzOw7b5jaDrnoxM",
    "expire_date": "2023-02-02T05:47:49.866Z"
  }
},
{
  "model": "sessions.session",
  "pk": "600xg4fdjegnipzqklqfkjjmrl2hsvzm",
  "fields": {
    "session_data": "e30:1pINls:n0mCcmjc5Ld3NaHYx6sUDep8Ny4w77KMt5dKSjGOdhU",
    "expire_date": "2023-02-02T05:47:32.207Z"
  }
},
{
  "model": "sessions.session",
  "pk": "9524dauyoddufs54nvyk77x1xxoy5o08",
  "fields": {
    "session_data": ".eJxVjMsOwiAQRf-FtSHlDS7d-w2EYRipGkhKuzL-uzbpQrf3nHNfLKZtrXEbZYkzsjMT7PS7QcqP0naA99Runefe1mUGviv8oINfO5bn5XD_Dmoa9Vsb1EE4AQQolcLiUwg0USIvlUBtVUZhIThDQCS9xUlrcjlbMs44NOz9AfPaOE0:1pIanN:bG840ez4DzOasQE0im7HYabCJerL2sRQrJ8bIqQC6LQ",
    "expire_date": "2023-02-02T19:41:57.275Z"
  }
},
{
  "model": "sessions.session",
  "pk": "dgxosga9bm4c05trlbgnngennzcbic9p",
  "fields": {
    "session_data": ".eJxVjMsOwiAQRf-FtSHlDS7d-w2EYRipGkhKuzL-uzbpQrf3nHNfLKZtrXEbZYkzsjMT7PS7QcqP0naA99Runefe1mUGviv8oINfO5bn5XD_Dmoa9Vsb1EE4AQQolcLiUwg0USIvlUBtVUZhIThDQCS9xUlrcjlbMs44NOz9AfPaOE0:1pI7ci:Wl9T8-Nplf41NKXZtpgWgIRM3Xe8x-PF75hjKrQY3Zk",
    "expire_date": "2023-02-01T12:33:00.456Z"
  }
},
{
  "model": "sessions.session",
  "pk": "jevo0biqzpqp5m36gg4mntrrjbiosw72",
  "fields": {
    "session_data": ".eJxVjMsOwiAQRf-FtSHlDS7d-w2EYRipGkhKuzL-uzbpQrf3nHNfLKZtrXEbZYkzsjMT7PS7QcqP0naA99Runefe1mUGviv8oINfO5bn5XD_Dmoa9Vsb1EE4AQQolcLiUwg0USIvlUBtVUZhIThDQCS9xUlrcjlbMs44NOz9AfPaOE0:1pISzw:KJlPZyezIoe34yR5EVxyaiS8VOQzL8fkAyR6mAsUHdU",
    "expire_date": "2023-02-02T11:22:24.741Z"
  }
},
{
  "model": "sessions.session",
  "pk": "qatmgg8yci7mc8lorazr21l1qm0sr4od",
  "fields": {
    "session_data": ".eJxVjDsOwyAQBe9CHSHAeFlSpvcZLGCX4CQCyZ8qyt0jJBdJ-2bmvcUcjr3Mx8brvJC4Cq3E5XeMIT25dkKPUO9Nplb3dYmyK_Kkm5wa8et2un8HJWyl19ag4RE4k3KawXlvPAef0GgE7XKOlDBahw4BFMIwkrLKIFFMMJD4fAH2fDeZ:1pKkHw:1G3TYmun362V3uVZf58FvNCzlz-3fOPj7kLapgqOG2Q",
    "expire_date": "2023-02-08T18:14:24.054Z"
  }
},
{
  "model": "sessions.session",
  "pk": "qh1565b178dgcrcgvlug5jtohav66g9s",
  "fields": {
    "session_data": ".eJxVjMsOwiAQRf-FtSHlDS7d-w2EYRipGkhKuzL-uzbpQrf3nHNfLKZtrXEbZYkzsjMT7PS7QcqP0naA99Runefe1mUGviv8oINfO5bn5XD_Dmoa9Vsb1EE4AQQolcLiUwg0USIvlUBtVUZhIThDQCS9xUlrcjlbMs44NOz9AfPaOE0:1pIAj2:CfT90Jim6xksQZULMsNJ2wuiYo0n7JOqUyYV4pUlyQY",
    "expire_date": "2023-02-01T15:51:44.016Z"
  }
},
{
  "model": "sessions.session",
  "pk": "qwsf6k2cwhfoucffjywqqfqxnx1109yx",
  "fields": {
    "session_data": "e30:1pISue:VP0NITi47clefSoAHts86BPyyy_b1ilkwuAG-3GN24U",
    "expire_date": "2023-02-02T11:16:56.437Z"
  }
},
{
  "model": "sessions.session",
  "pk": "s01gemp4b6six8h2pexest8jp7uw5c7w",
  "fields": {
    "session_data": "e30:1pISyX:sg9Dy8IKQ1UYLSldR_y68Uu6lu-IIAA4hUm7jiB-V5c",
    "expire_date": "2023-02-02T11:20:57.683Z"
  }
},
{
  "model": "sessions.session",
  "pk": "v0z2ggcm1ymq98eh6nd61p53zar9aalh",
  "fields": {
    "session_data": ".eJxVjEEOgjAQRe_StWk6trTg0j1naGamM4IaSCisjHdXEha6_e-9_zIZt3XIW5Ulj8VcDIA5_Y6E_JBpJ-WO0222PE_rMpLdFXvQavu5yPN6uH8HA9bhW6sgKGgbkIiAndcU1FMo7Dt1QqzETRfOpWNN0UPCJNFB9K2gaxKZ9wdESjkb:1pNKHL:3xkxCLZv69BZwbhAj7FPRA1GEWxrKsotpsBiQEpMUi8",
    "expire_date": "2023-02-15T21:04:27.100Z"
  }
},
{
  "model": "order.order",
  "pk": 46,
  "fields": {
    "realtor": 12,
    "listing": 46,
    "name": "order name",
    "email": "hello@gmail.com",
    "address": null,
    "place": "jamo street",
    "phone": "0991221912",
    "created_at": "2023-02-01T08:22:25.675Z",
    "status": "Unpaid",
    "price": "444.00"
  }
},
{
  "model": "order.order",
  "pk": 47,
  "fields": {
    "realtor": 7,
    "listing": 47,
    "name": "order na",
    "email": "operah@gmail.com",
    "address": null,
    "place": "jamo street",
    "phone": "0991221912",
    "created_at": "2023-02-01T08:45:37.955Z",
    "status": "Unpaid",
    "price": "324.00"
  }
},
{
  "model": "order.order",
  "pk": 48,
  "fields": {
    "realtor": null,
    "listing": 51,
    "name": "new order",
    "email": "hello@gmail.com",
    "address": null,
    "place": "jamo streeet",
    "phone": "4383283413",
    "created_at": "2023-02-03T10:06:23.995Z",
    "status": "Unpaid",
    "price": "344.00"
  }
},
{
  "model": "accounts.useraccount",
  "pk": 1,
  "fields": {
    "password": "pbkdf2_sha256$390000$9yRKVuXCaTKsKS5zBPfeoz$nS7U8dtzqXnY/0ijIqV8fg0BeUkdqgaDJlYk/3CI2xA=",
    "last_login": "2023-01-26T12:29:56.229Z",
    "is_superuser": true,
    "email": "tinsingjobs2k@gmail.com",
    "name": "Tinsae",
    "is_active": true,
    "is_staff": false,
    "groups": [],
    "user_permissions": []
  }
},
{
  "model": "accounts.useraccount",
  "pk": 3,
  "fields": {
    "password": "pbkdf2_sha256$390000$CkKMDqIYBGUZlDxX5bBT9z$emMmHWi+e1K+C3z/GEk3EXtoeAF82YWdnB96gKg+o94=",
    "last_login": null,
    "is_superuser": false,
    "email": "aleludago@gmail.com",
    "name": "alo",
    "is_active": true,
    "is_staff": false,
    "groups": [],
    "user_permissions": []
  }
},
{
  "model": "accounts.useraccount",
  "pk": 4,
  "fields": {
    "password": "1234567890",
    "last_login": "2023-01-08T05:38:23Z",
    "is_superuser": false,
    "email": "ale@gmial.com",
    "name": "Alako",
    "is_active": true,
    "is_staff": false,
    "groups": [],
    "user_permissions": []
  }
},
{
  "model": "accounts.useraccount",
  "pk": 5,
  "fields": {
    "password": "pbkdf2_sha256$390000$ko8vdXyTizmBu02yUJdZF9$HjEMzHF3+5CtAD/rU6pg4Z5l6/fhSb8qXj5d/Sd2UrU=",
    "last_login": null,
    "is_superuser": false,
    "email": "operah@gmail.com",
    "name": "Operah",
    "is_active": true,
    "is_staff": false,
    "groups": [],
    "user_permissions": []
  }
},
{
  "model": "accounts.useraccount",
  "pk": 6,
  "fields": {
    "password": "pbkdf2_sha256$390000$oRVceASClq1okfJGaim4MM$YS7EHF/BKGxR+1SZoHUUSgmThddgorF16ColRGw4knk=",
    "last_login": null,
    "is_superuser": false,
    "email": "yonas@gmail.com",
    "name": "yonas",
    "is_active": true,
    "is_staff": false,
    "groups": [],
    "user_permissions": []
  }
},
{
  "model": "accounts.useraccount",
  "pk": 7,
  "fields": {
    "password": "pbkdf2_sha256$390000$TgSs0y8Faw88CJjHsYEbCq$f5/ZWZFDHjZ5p4IpY1dSRYaJMO++A6ABjUhtutsjChU=",
    "last_login": null,
    "is_superuser": false,
    "email": "halellujahalako@gmail.com",
    "name": "Halelluajah",
    "is_active": true,
    "is_staff": false,
    "groups": [],
    "user_permissions": []
  }
},
{
  "model": "accounts.useraccount",
  "pk": 9,
  "fields": {
    "password": "pbkdf2_sha256$390000$lrvaHiUnKHYpIGa5mBxUKj$gX3VWU9Za+23ykHdtQG5EyU0JRjnr7Q8vozo4cIZ9Cc=",
    "last_login": null,
    "is_superuser": true,
    "email": "holly@gmail.com",
    "name": "holly",
    "is_active": true,
    "is_staff": false,
    "groups": [],
    "user_permissions": []
  }
},
{
  "model": "accounts.useraccount",
  "pk": 10,
  "fields": {
    "password": "pbkdf2_sha256$390000$Wpi3VT06TWzgliYY4WjHpX$J0GsQBQAAEZJpH62NK22DYUjmADkTuetFKRzr1QzWWE=",
    "last_login": "2023-01-25T18:14:24.753Z",
    "is_superuser": true,
    "email": "hello@gmail.com",
    "name": "hello",
    "is_active": true,
    "is_staff": false,
    "groups": [],
    "user_permissions": []
  }
},
{
  "model": "accounts.useraccount",
  "pk": 11,
  "fields": {
    "password": "pbkdf2_sha256$390000$HUkpTJ8km4Ne3zAp1ECZqe$wbIUAcqG8ImYPsLvx3qGp9Wbq6D5jeSmpN/T/pVi0po=",
    "last_login": "2023-02-01T21:04:26.887Z",
    "is_superuser": true,
    "email": "tinsingjobs23k@gmail.com",
    "name": "Feven",
    "is_active": true,
    "is_staff": false,
    "groups": [],
    "user_permissions": []
  }
},
{
  "model": "accounts.useraccount",
  "pk": 12,
  "fields": {
    "password": "pbkdf2_sha256$390000$HMaLqXif3YIxQhh9XFNYhv$IMm69sV81KlxIfyd2bvWLjJQ9MnjWRB2+7SnrzZpNOk=",
    "last_login": "2023-02-04T08:10:43.279Z",
    "is_superuser": true,
    "email": "aleludago11@gmail.com",
    "name": "Holly",
    "is_active": true,
    "is_staff": true,
    "groups": [],
    "user_permissions": []
  }
},
{
  "model": "realtors.realtor",
  "pk": 1,
  "fields": {
    "user": 1,
    "name": "Tinsae",
    "photo": "photos/2023/01/18/halellujah.jpeg",
    "description": "i am best selleer in",
    "email": "tinsingjobs2k@gmail.com",
    "phone": "+251991221",
    "top_seller": false,
    "created_at": "2023-01-18T12:39:38Z"
  }
},
{
  "model": "realtors.realtor",
  "pk": 5,
  "fields": {
    "user": 3,
    "name": "Alo",
    "photo": "photos/2023/01/18/halellujah_CiGbuLU.jpeg",
    "description": "he is best seller",
    "email": "aleludago@gmail.com",
    "phone": "+251991221",
    "top_seller": true,
    "created_at": "2023-01-18T21:08:26Z"
  }
},
{
  "model": "realtors.realtor",
  "pk": 7,
  "fields": {
    "user": 5,
    "name": "Operha winfery",
    "photo": "photos/2023/01/19/halellujah_XbTLeIZ.jpeg",
    "description": "operah winferyoperah winferyoperah winferyoperah winferyoperah winferyoperah winferyoperah winferyoperah winferyoperah winferyoperah winferyoperah winferyoperah winferyoperah winfery",
    "email": "operah@gmail.com",
    "phone": "+251991221",
    "top_seller": true,
    "created_at": "2023-01-19T11:51:27Z"
  }
},
{
  "model": "realtors.realtor",
  "pk": 9,
  "fields": {
    "user": 7,
    "name": "",
    "photo": "",
    "description": "",
    "email": "halellujahalako@gmail.com",
    "phone": "",
    "top_seller": false,
    "created_at": "2023-01-21T05:38:32.363Z"
  }
},
{
  "model": "realtors.realtor",
  "pk": 11,
  "fields": {
    "user": 9,
    "name": "",
    "photo": "",
    "description": "",
    "email": "holly@gmail.com",
    "phone": "",
    "top_seller": false,
    "created_at": "2023-01-25T18:06:14.037Z"
  }
},
{
  "model": "realtors.realtor",
  "pk": 12,
  "fields": {
    "user": 10,
    "name": "Halellujah",
    "photo": "photos/2023/01/30/halellujah.jpeg",
    "description": "i am the best seller",
    "email": "hello@gmail.com",
    "phone": "+251991221",
    "top_seller": true,
    "created_at": "2023-01-25T18:08:14Z"
  }
},
{
  "model": "realtors.realtor",
  "pk": 13,
  "fields": {
    "user": 11,
    "name": "Feven",
    "photo": "photos/2023/02/01/halellujah.jpeg",
    "description": "i am top seller",
    "email": "tinsingjobs23k@gmail.com",
    "phone": "0991221912",
    "top_seller": true,
    "created_at": "2023-02-01T21:04:04Z"
  }
},
{
  "model": "realtors.realtor",
  "pk": 14,
  "fields": {
    "user": 12,
    "name": "",
    "photo": "",
    "description": "",
    "email": "aleludago11@gmail.com",
    "phone": "",
    "top_seller": false,
    "created_at": "2023-02-04T08:09:49.421Z"
  }
},
{
  "model": "listings.listing",
  "pk": 1,
  "fields": {
    "realtor": 1,
    "title": "House for sell in Shager",
    "slug": "house-for-sell-in-shager",
    "address": "Shager",
    "city": "korem",
    "state": "Oromia",
    "house_number": "12",
    "price": "344.00",
    "published": true,
    "sale_type": "For rent",
    "bed_rooms": 3,
    "bath_rooms": 3,
    "sqrt": "23.00",
    "home_type": "Condo",
    "description": "<p><img alt=\"broken heart\" src=\"http://127.0.0.1:8000/static/ckeditor/ckeditor/plugins/smiley/images/broken_heart.png\" style=\"height:23px; width:23px\" title=\"broken heart\" /><img alt=\"broken heart\" src=\"http://127.0.0.1:8000/static/ckeditor/ckeditor/plugins/smiley/images/broken_heart.png\" style=\"height:23px; width:23px\" title=\"broken heart\" /><img alt=\"broken heart\" src=\"http://127.0.0.1:8000/static/ckeditor/ckeditor/plugins/smiley/images/broken_heart.png\" style=\"height:23px; width:23px\" title=\"broken heart\" /><img alt=\"broken heart\" src=\"http://127.0.0.1:8000/static/ckeditor/ckeditor/plugins/smiley/images/broken_heart.png\" style=\"height:23px; width:23px\" title=\"broken heart\" /><img alt=\"broken heart\" src=\"http://127.0.0.1:8000/static/ckeditor/ckeditor/plugins/smiley/images/broken_heart.png\" style=\"height:23px; width:23px\" title=\"broken heart\" /><img alt=\"broken heart\" src=\"http://127.0.0.1:8000/static/ckeditor/ckeditor/plugins/smiley/images/broken_heart.png\" style=\"height:23px; width:23px\" title=\"broken heart\" /><img alt=\"broken heart\" src=\"http://127.0.0.1:8000/static/ckeditor/ckeditor/plugins/smiley/images/broken_heart.png\" style=\"height:23px; width:23px\" title=\"broken heart\" /><img alt=\"broken heart\" src=\"http://127.0.0.1:8000/static/ckeditor/ckeditor/plugins/smiley/images/broken_heart.png\" style=\"height:23px; width:23px\" title=\"broken heart\" /><img alt=\"broken heart\" src=\"http://127.0.0.1:8000/static/ckeditor/ckeditor/plugins/smiley/images/broken_heart.png\" style=\"height:23px; width:23px\" title=\"broken heart\" /><img alt=\"broken heart\" src=\"http://127.0.0.1:8000/static/ckeditor/ckeditor/plugins/smiley/images/broken_heart.png\" style=\"height:23px; width:23px\" title=\"broken heart\" /><img alt=\"broken heart\" src=\"http://127.0.0.1:8000/static/ckeditor/ckeditor/plugins/smiley/images/broken_heart.png\" style=\"height:23px; width:23px\" title=\"broken heart\" /><img alt=\"broken heart\" src=\"http://127.0.0.1:8000/static/ckeditor/ckeditor/plugins/smiley/images/broken_heart.png\" style=\"height:23px; width:23px\" title=\"broken heart\" /><img alt=\"broken heart\" src=\"http://127.0.0.1:8000/static/ckeditor/ckeditor/plugins/smiley/images/broken_heart.png\" style=\"height:23px; width:23px\" title=\"broken heart\" /><img alt=\"broken heart\" src=\"http://127.0.0.1:8000/static/ckeditor/ckeditor/plugins/smiley/images/broken_heart.png\" style=\"height:23px; width:23px\" title=\"broken heart\" /><img alt=\"broken heart\" src=\"http://127.0.0.1:8000/static/ckeditor/ckeditor/plugins/smiley/images/broken_heart.png\" style=\"height:23px; width:23px\" title=\"broken heart\" /><img alt=\"broken heart\" src=\"http://127.0.0.1:8000/static/ckeditor/ckeditor/plugins/smiley/images/broken_heart.png\" style=\"height:23px; width:23px\" title=\"broken heart\" /><img alt=\"broken heart\" src=\"http://127.0.0.1:8000/static/ckeditor/ckeditor/plugins/smiley/images/broken_heart.png\" style=\"height:23px; width:23px\" title=\"broken heart\" /><img alt=\"broken heart\" src=\"http://127.0.0.1:8000/static/ckeditor/ckeditor/plugins/smiley/images/broken_heart.png\" style=\"height:23px; width:23px\" title=\"broken heart\" /><img alt=\"broken heart\" src=\"http://127.0.0.1:8000/static/ckeditor/ckeditor/plugins/smiley/images/broken_heart.png\" style=\"height:23px; width:23px\" title=\"broken heart\" /><img alt=\"broken heart\" src=\"http://127.0.0.1:8000/static/ckeditor/ckeditor/plugins/smiley/images/broken_heart.png\" style=\"height:23px; width:23px\" title=\"broken heart\" /><img alt=\"broken heart\" src=\"http://127.0.0.1:8000/static/ckeditor/ckeditor/plugins/smiley/images/broken_heart.png\" style=\"height:23px; width:23px\" title=\"broken heart\" /><img alt=\"broken heart\" src=\"http://127.0.0.1:8000/static/ckeditor/ckeditor/plugins/smiley/images/broken_heart.png\" style=\"height:23px; width:23px\" title=\"broken heart\" /><img alt=\"broken heart\" src=\"http://127.0.0.1:8000/static/ckeditor/ckeditor/plugins/smiley/images/broken_heart.png\" style=\"height:23px; width:23px\" title=\"broken heart\" /><img alt=\"broken heart\" src=\"http://127.0.0.1:8000/static/ckeditor/ckeditor/plugins/smiley/images/broken_heart.png\" style=\"height:23px; width:23px\" title=\"broken heart\" /><img alt=\"broken heart\" src=\"http://127.0.0.1:8000/static/ckeditor/ckeditor/plugins/smiley/images/broken_heart.png\" style=\"height:23px; width:23px\" title=\"broken heart\" /><img alt=\"broken heart\" src=\"http://127.0.0.1:8000/static/ckeditor/ckeditor/plugins/smiley/images/broken_heart.png\" style=\"height:23px; width:23px\" title=\"broken heart\" /><img alt=\"broken heart\" src=\"http://127.0.0.1:8000/static/ckeditor/ckeditor/plugins/smiley/images/broken_heart.png\" style=\"height:23px; width:23px\" title=\"broken heart\" /><img alt=\"broken heart\" src=\"http://127.0.0.1:8000/static/ckeditor/ckeditor/plugins/smiley/images/broken_heart.png\" style=\"height:23px; width:23px\" title=\"broken heart\" /><img alt=\"broken heart\" src=\"http://127.0.0.1:8000/static/ckeditor/ckeditor/plugins/smiley/images/broken_heart.png\" style=\"height:23px; width:23px\" title=\"broken heart\" /><img alt=\"broken heart\" src=\"http://127.0.0.1:8000/static/ckeditor/ckeditor/plugins/smiley/images/broken_heart.png\" style=\"height:23px; width:23px\" title=\"broken heart\" /><img alt=\"broken heart\" src=\"http://127.0.0.1:8000/static/ckeditor/ckeditor/plugins/smiley/images/broken_heart.png\" style=\"height:23px; width:23px\" title=\"broken heart\" /><img alt=\"broken heart\" src=\"http://127.0.0.1:8000/static/ckeditor/ckeditor/plugins/smiley/images/broken_heart.png\" style=\"height:23px; width:23px\" title=\"broken heart\" /><img alt=\"broken heart\" src=\"http://127.0.0.1:8000/static/ckeditor/ckeditor/plugins/smiley/images/broken_heart.png\" style=\"height:23px; width:23px\" title=\"broken heart\" /><img alt=\"broken heart\" src=\"http://127.0.0.1:8000/static/ckeditor/ckeditor/plugins/smiley/images/broken_heart.png\" style=\"height:23px; width:23px\" title=\"broken heart\" /><img alt=\"broken heart\" src=\"http://127.0.0.1:8000/static/ckeditor/ckeditor/plugins/smiley/images/broken_heart.png\" style=\"height:23px; width:23px\" title=\"broken heart\" /><img alt=\"broken heart\" src=\"http://127.0.0.1:8000/static/ckeditor/ckeditor/plugins/smiley/images/broken_heart.png\" style=\"height:23px; width:23px\" title=\"broken heart\" /><img alt=\"broken heart\" src=\"http://127.0.0.1:8000/static/ckeditor/ckeditor/plugins/smiley/images/broken_heart.png\" style=\"height:23px; width:23px\" title=\"broken heart\" /><img alt=\"broken heart\" src=\"http://127.0.0.1:8000/static/ckeditor/ckeditor/plugins/smiley/images/broken_heart.png\" style=\"height:23px; width:23px\" title=\"broken heart\" /><img alt=\"broken heart\" src=\"http://127.0.0.1:8000/static/ckeditor/ckeditor/plugins/smiley/images/broken_heart.png\" style=\"height:23px; width:23px\" title=\"broken heart\" /><img alt=\"broken heart\" src=\"http://127.0.0.1:8000/static/ckeditor/ckeditor/plugins/smiley/images/broken_heart.png\" style=\"height:23px; width:23px\" title=\"broken heart\" /><img alt=\"broken heart\" src=\"http://127.0.0.1:8000/static/ckeditor/ckeditor/plugins/smiley/images/broken_heart.png\" style=\"height:23px; width:23px\" title=\"broken heart\" /><img alt=\"broken heart\" src=\"http://127.0.0.1:8000/static/ckeditor/ckeditor/plugins/smiley/images/broken_heart.png\" style=\"height:23px; width:23px\" title=\"broken heart\" /><img alt=\"broken heart\" src=\"http://127.0.0.1:8000/static/ckeditor/ckeditor/plugins/smiley/images/broken_heart.png\" style=\"height:23px; width:23px\" title=\"broken heart\" /><img alt=\"broken heart\" src=\"http://127.0.0.1:8000/static/ckeditor/ckeditor/plugins/smiley/images/broken_heart.png\" style=\"height:23px; width:23px\" title=\"broken heart\" /><img alt=\"broken heart\" src=\"http://127.0.0.1:8000/static/ckeditor/ckeditor/plugins/smiley/images/broken_heart.png\" style=\"height:23px; width:23px\" title=\"broken heart\" /><img alt=\"broken heart\" src=\"http://127.0.0.1:8000/static/ckeditor/ckeditor/plugins/smiley/images/broken_heart.png\" style=\"height:23px; width:23px\" title=\"broken heart\" /><img alt=\"broken heart\" src=\"http://127.0.0.1:8000/static/ckeditor/ckeditor/plugins/smiley/images/broken_heart.png\" style=\"height:23px; width:23px\" title=\"broken heart\" /><img alt=\"broken heart\" src=\"http://127.0.0.1:8000/static/ckeditor/ckeditor/plugins/smiley/images/broken_heart.png\" style=\"height:23px; width:23px\" title=\"broken heart\" /><img alt=\"broken heart\" src=\"http://127.0.0.1:8000/static/ckeditor/ckeditor/plugins/smiley/images/broken_heart.png\" style=\"height:23px; width:23px\" title=\"broken heart\" /><img alt=\"broken heart\" src=\"http://127.0.0.1:8000/static/ckeditor/ckeditor/plugins/smiley/images/broken_heart.png\" style=\"height:23px; width:23px\" title=\"broken heart\" /><img alt=\"broken heart\" src=\"http://127.0.0.1:8000/static/ckeditor/ckeditor/plugins/smiley/images/broken_heart.png\" style=\"height:23px; width:23px\" title=\"broken heart\" /><img alt=\"broken heart\" src=\"http://127.0.0.1:8000/static/ckeditor/ckeditor/plugins/smiley/images/broken_heart.png\" style=\"height:23px; width:23px\" title=\"broken heart\" /><img alt=\"broken heart\" src=\"http://127.0.0.1:8000/static/ckeditor/ckeditor/plugins/smiley/images/broken_heart.png\" style=\"height:23px; width:23px\" title=\"broken heart\" /><img alt=\"broken heart\" src=\"http://127.0.0.1:8000/static/ckeditor/ckeditor/plugins/smiley/images/broken_heart.png\" style=\"height:23px; width:23px\" title=\"broken heart\" /><img alt=\"broken heart\" src=\"http://127.0.0.1:8000/static/ckeditor/ckeditor/plugins/smiley/images/broken_heart.png\" style=\"height:23px; width:23px\" title=\"broken heart\" /><img alt=\"broken heart\" src=\"http://127.0.0.1:8000/static/ckeditor/ckeditor/plugins/smiley/images/broken_heart.png\" style=\"height:23px; width:23px\" title=\"broken heart\" /><img alt=\"broken heart\" src=\"http://127.0.0.1:8000/static/ckeditor/ckeditor/plugins/smiley/images/broken_heart.png\" style=\"height:23px; width:23px\" title=\"broken heart\" /><img alt=\"broken heart\" src=\"http://127.0.0.1:8000/static/ckeditor/ckeditor/plugins/smiley/images/broken_heart.png\" style=\"height:23px; width:23px\" title=\"broken heart\" /><img alt=\"broken heart\" src=\"http://127.0.0.1:8000/static/ckeditor/ckeditor/plugins/smiley/images/broken_heart.png\" style=\"height:23px; width:23px\" title=\"broken heart\" /><img alt=\"broken heart\" src=\"http://127.0.0.1:8000/static/ckeditor/ckeditor/plugins/smiley/images/broken_heart.png\" style=\"height:23px; width:23px\" title=\"broken heart\" /><img alt=\"broken heart\" src=\"http://127.0.0.1:8000/static/ckeditor/ckeditor/plugins/smiley/images/broken_heart.png\" style=\"height:23px; width:23px\" title=\"broken heart\" /><img alt=\"broken heart\" src=\"http://127.0.0.1:8000/static/ckeditor/ckeditor/plugins/smiley/images/broken_heart.png\" style=\"height:23px; width:23px\" title=\"broken heart\" /><img alt=\"broken heart\" src=\"http://127.0.0.1:8000/static/ckeditor/ckeditor/plugins/smiley/images/broken_heart.png\" style=\"height:23px; width:23px\" title=\"broken heart\" /><img alt=\"broken heart\" src=\"http://127.0.0.1:8000/static/ckeditor/ckeditor/plugins/smiley/images/broken_heart.png\" style=\"height:23px; width:23px\" title=\"broken heart\" /><img alt=\"broken heart\" src=\"http://127.0.0.1:8000/static/ckeditor/ckeditor/plugins/smiley/images/broken_heart.png\" style=\"height:23px; width:23px\" title=\"broken heart\" /><img alt=\"broken heart\" src=\"http://127.0.0.1:8000/static/ckeditor/ckeditor/plugins/smiley/images/broken_heart.png\" style=\"height:23px; width:23px\" title=\"broken heart\" /><img alt=\"broken heart\" src=\"http://127.0.0.1:8000/static/ckeditor/ckeditor/plugins/smiley/images/broken_heart.png\" style=\"height:23px; width:23px\" title=\"broken heart\" /><img alt=\"broken heart\" src=\"http://127.0.0.1:8000/static/ckeditor/ckeditor/plugins/smiley/images/broken_heart.png\" style=\"height:23px; width:23px\" title=\"broken heart\" /><img alt=\"broken heart\" src=\"http://127.0.0.1:8000/static/ckeditor/ckeditor/plugins/smiley/images/broken_heart.png\" style=\"height:23px; width:23px\" title=\"broken heart\" /><img alt=\"broken heart\" src=\"http://127.0.0.1:8000/static/ckeditor/ckeditor/plugins/smiley/images/broken_heart.png\" style=\"height:23px; width:23px\" title=\"broken heart\" /><img alt=\"broken heart\" src=\"http://127.0.0.1:8000/static/ckeditor/ckeditor/plugins/smiley/images/broken_heart.png\" style=\"height:23px; width:23px\" title=\"broken heart\" /><img alt=\"broken heart\" src=\"http://127.0.0.1:8000/static/ckeditor/ckeditor/plugins/smiley/images/broken_heart.png\" style=\"height:23px; width:23px\" title=\"broken heart\" /><img alt=\"broken heart\" src=\"http://127.0.0.1:8000/static/ckeditor/ckeditor/plugins/smiley/images/broken_heart.png\" style=\"height:23px; width:23px\" title=\"broken heart\" /><img alt=\"broken heart\" src=\"http://127.0.0.1:8000/static/ckeditor/ckeditor/plugins/smiley/images/broken_heart.png\" style=\"height:23px; width:23px\" title=\"broken heart\" /><img alt=\"broken heart\" src=\"http://127.0.0.1:8000/static/ckeditor/ckeditor/plugins/smiley/images/broken_heart.png\" style=\"height:23px; width:23px\" title=\"broken heart\" /><img alt=\"broken heart\" src=\"http://127.0.0.1:8000/static/ckeditor/ckeditor/plugins/smiley/images/broken_heart.png\" style=\"height:23px; width:23px\" title=\"broken heart\" /><img alt=\"broken heart\" src=\"http://127.0.0.1:8000/static/ckeditor/ckeditor/plugins/smiley/images/broken_heart.png\" style=\"height:23px; width:23px\" title=\"broken heart\" /><img alt=\"broken heart\" src=\"http://127.0.0.1:8000/static/ckeditor/ckeditor/plugins/smiley/images/broken_heart.png\" style=\"height:23px; width:23px\" title=\"broken heart\" /><img alt=\"broken heart\" src=\"http://127.0.0.1:8000/static/ckeditor/ckeditor/plugins/smiley/images/broken_heart.png\" style=\"height:23px; width:23px\" title=\"broken heart\" /><img alt=\"broken heart\" src=\"http://127.0.0.1:8000/static/ckeditor/ckeditor/plugins/smiley/images/broken_heart.png\" style=\"height:23px; width:23px\" title=\"broken heart\" /><img alt=\"broken heart\" src=\"http://127.0.0.1:8000/static/ckeditor/ckeditor/plugins/smiley/images/broken_heart.png\" style=\"height:23px; width:23px\" title=\"broken heart\" /><img alt=\"broken heart\" src=\"http://127.0.0.1:8000/static/ckeditor/ckeditor/plugins/smiley/images/broken_heart.png\" style=\"height:23px; width:23px\" title=\"broken heart\" /><img alt=\"broken heart\" src=\"http://127.0.0.1:8000/static/ckeditor/ckeditor/plugins/smiley/images/broken_heart.png\" style=\"height:23px; width:23px\" title=\"broken heart\" /><img alt=\"broken heart\" src=\"http://127.0.0.1:8000/static/ckeditor/ckeditor/plugins/smiley/images/broken_heart.png\" style=\"height:23px; width:23px\" title=\"broken heart\" /><img alt=\"broken heart\" src=\"http://127.0.0.1:8000/static/ckeditor/ckeditor/plugins/smiley/images/broken_heart.png\" style=\"height:23px; width:23px\" title=\"broken heart\" /><img alt=\"broken heart\" src=\"http://127.0.0.1:8000/static/ckeditor/ckeditor/plugins/smiley/images/broken_heart.png\" style=\"height:23px; width:23px\" title=\"broken heart\" /><img alt=\"broken heart\" src=\"http://127.0.0.1:8000/static/ckeditor/ckeditor/plugins/smiley/images/broken_heart.png\" style=\"height:23px; width:23px\" title=\"broken heart\" /><img alt=\"broken heart\" src=\"http://127.0.0.1:8000/static/ckeditor/ckeditor/plugins/smiley/images/broken_heart.png\" style=\"height:23px; width:23px\" title=\"broken heart\" /><img alt=\"broken heart\" src=\"http://127.0.0.1:8000/static/ckeditor/ckeditor/plugins/smiley/images/broken_heart.png\" style=\"height:23px; width:23px\" title=\"broken heart\" /><img alt=\"broken heart\" src=\"http://127.0.0.1:8000/static/ckeditor/ckeditor/plugins/smiley/images/broken_heart.png\" style=\"height:23px; width:23px\" title=\"broken heart\" /><img alt=\"broken heart\" src=\"http://127.0.0.1:8000/static/ckeditor/ckeditor/plugins/smiley/images/broken_heart.png\" style=\"height:23px; width:23px\" title=\"broken heart\" /><img alt=\"broken heart\" src=\"http://127.0.0.1:8000/static/ckeditor/ckeditor/plugins/smiley/images/broken_heart.png\" style=\"height:23px; width:23px\" title=\"broken heart\" /><img alt=\"broken heart\" src=\"http://127.0.0.1:8000/static/ckeditor/ckeditor/plugins/smiley/images/broken_heart.png\" style=\"height:23px; width:23px\" title=\"broken heart\" /><img alt=\"broken heart\" src=\"http://127.0.0.1:8000/static/ckeditor/ckeditor/plugins/smiley/images/broken_heart.png\" style=\"height:23px; width:23px\" title=\"broken heart\" /><img alt=\"broken heart\" src=\"http://127.0.0.1:8000/static/ckeditor/ckeditor/plugins/smiley/images/broken_heart.png\" style=\"height:23px; width:23px\" title=\"broken heart\" /><img alt=\"broken heart\" src=\"http://127.0.0.1:8000/static/ckeditor/ckeditor/plugins/smiley/images/broken_heart.png\" style=\"height:23px; width:23px\" title=\"broken heart\" /><img alt=\"broken heart\" src=\"http://127.0.0.1:8000/static/ckeditor/ckeditor/plugins/smiley/images/broken_heart.png\" style=\"height:23px; width:23px\" title=\"broken heart\" /><img alt=\"broken heart\" src=\"http://127.0.0.1:8000/static/ckeditor/ckeditor/plugins/smiley/images/broken_heart.png\" style=\"height:23px; width:23px\" title=\"broken heart\" /><img alt=\"broken heart\" src=\"http://127.0.0.1:8000/static/ckeditor/ckeditor/plugins/smiley/images/broken_heart.png\" style=\"height:23px; width:23px\" title=\"broken heart\" /><img alt=\"broken heart\" src=\"http://127.0.0.1:8000/static/ckeditor/ckeditor/plugins/smiley/images/broken_heart.png\" style=\"height:23px; width:23px\" title=\"broken heart\" /><img alt=\"broken heart\" src=\"http://127.0.0.1:8000/static/ckeditor/ckeditor/plugins/smiley/images/broken_heart.png\" style=\"height:23px; width:23px\" title=\"broken heart\" /><img alt=\"broken heart\" src=\"http://127.0.0.1:8000/static/ckeditor/ckeditor/plugins/smiley/images/broken_heart.png\" style=\"height:23px; width:23px\" title=\"broken heart\" /><img alt=\"broken heart\" src=\"http://127.0.0.1:8000/static/ckeditor/ckeditor/plugins/smiley/images/broken_heart.png\" style=\"height:23px; width:23px\" title=\"broken heart\" /><img alt=\"broken heart\" src=\"http://127.0.0.1:8000/static/ckeditor/ckeditor/plugins/smiley/images/broken_heart.png\" style=\"height:23px; width:23px\" title=\"broken heart\" /><img alt=\"broken heart\" src=\"http://127.0.0.1:8000/static/ckeditor/ckeditor/plugins/smiley/images/broken_heart.png\" style=\"height:23px; width:23px\" title=\"broken heart\" /><img alt=\"broken heart\" src=\"http://127.0.0.1:8000/static/ckeditor/ckeditor/plugins/smiley/images/broken_heart.png\" style=\"height:23px; width:23px\" title=\"broken heart\" /><img alt=\"broken heart\" src=\"http://127.0.0.1:8000/static/ckeditor/ckeditor/plugins/smiley/images/broken_heart.png\" style=\"height:23px; width:23px\" title=\"broken heart\" /><img alt=\"broken heart\" src=\"http://127.0.0.1:8000/static/ckeditor/ckeditor/plugins/smiley/images/broken_heart.png\" style=\"height:23px; width:23px\" title=\"broken heart\" /><img alt=\"broken heart\" src=\"http://127.0.0.1:8000/static/ckeditor/ckeditor/plugins/smiley/images/broken_heart.png\" style=\"height:23px; width:23px\" title=\"broken heart\" /><img alt=\"broken heart\" src=\"http://127.0.0.1:8000/static/ckeditor/ckeditor/plugins/smiley/images/broken_heart.png\" style=\"height:23px; width:23px\" title=\"broken heart\" /><img alt=\"broken heart\" src=\"http://127.0.0.1:8000/static/ckeditor/ckeditor/plugins/smiley/images/broken_heart.png\" style=\"height:23px; width:23px\" title=\"broken heart\" /><img alt=\"broken heart\" src=\"http://127.0.0.1:8000/static/ckeditor/ckeditor/plugins/smiley/images/broken_heart.png\" style=\"height:23px; width:23px\" title=\"broken heart\" /><img alt=\"broken heart\" src=\"http://127.0.0.1:8000/static/ckeditor/ckeditor/plugins/smiley/images/broken_heart.png\" style=\"height:23px; width:23px\" title=\"broken heart\" /><img alt=\"broken heart\" src=\"http://127.0.0.1:8000/static/ckeditor/ckeditor/plugins/smiley/images/broken_heart.png\" style=\"height:23px; width:23px\" title=\"broken heart\" /><img alt=\"broken heart\" src=\"http://127.0.0.1:8000/static/ckeditor/ckeditor/plugins/smiley/images/broken_heart.png\" style=\"height:23px; width:23px\" title=\"broken heart\" /><img alt=\"broken heart\" src=\"http://127.0.0.1:8000/static/ckeditor/ckeditor/plugins/smiley/images/broken_heart.png\" style=\"height:23px; width:23px\" title=\"broken heart\" /></p>",
    "avgRating": 3,
    "ratings": 4,
    "oldPrice": "544.00",
    "image": "uploads/onboarding-1_RX06x9V.png",
    "image_1": "uploads/ourvilla_D2KuXMX.jpeg",
    "image_2": "uploads/ourvilla_nGVrILF.jpeg",
    "image_3": "uploads/ourvilla_CmGeJ2o.jpeg",
    "image_4": "uploads/onboarding-1_PL3JWNP.png",
    "image_5": "uploads/ourvilla_GSrvUGW.jpeg",
    "date_added": "2023-01-18T12:43:13.617Z"
  }
},
{
  "model": "listings.listing",
  "pk": 2,
  "fields": {
    "realtor": 5,
    "title": "Town house",
    "slug": "town-house",
    "address": "Shager",
    "city": "Shager",
    "state": "Oromia",
    "house_number": "12",
    "price": "142.00",
    "published": true,
    "sale_type": "For Sale",
    "bed_rooms": 3,
    "bath_rooms": 3,
    "sqrt": "23.00",
    "home_type": "Condo",
    "description": "2 shower and 1 parking jamo labo2 shower and 1 parking jamo labo2 shower and 1 parking jamo labo2 shower and 1 parking jamo labo2 shower and 1 parking jamo labo2 shower and 1 parking jamo labo2 shower and 1 parking jamo labo2 shower and 1 parking jamo labo2 shower and 1 parking jamo labo2 shower and 1 parking jamo labo2 shower and 1 parking jamo labo2 shower and 1 parking jamo labo2 shower and 1 parking jamo labo2 shower and 1 parking jamo labo2 shower and 1 parking jamo labo2 shower and 1 parking jamo labo2 shower and 1 parking jamo labo2 shower and 1 parking jamo labo2 shower and 1 parking jamo labo2 shower and 1 parking jamo labo2 shower and 1 parking jamo labo",
    "avgRating": 3,
    "ratings": 3,
    "oldPrice": "344.00",
    "image": "uploads/ourvilla_fMo8BmK.jpeg",
    "image_1": "uploads/onboarding-1_T6JiY1W.png",
    "image_2": "uploads/onboarding-1_PL3JWNP_BqDlWL6.png",
    "image_3": "uploads/ourvilla_GSrvUGW_mW5PUZ5.jpeg",
    "image_4": "uploads/ourvilla_nGVrILF_wi2Ew5g.jpeg",
    "image_5": "uploads/ourvilla_su40bbx.jpeg",
    "date_added": "2023-01-18T21:29:23.089Z"
  }
},
{
  "model": "listings.listing",
  "pk": 44,
  "fields": {
    "realtor": 1,
    "title": "from mobile app",
    "slug": "oru-house",
    "address": "shager",
    "city": "shager",
    "state": "Oromia",
    "house_number": "333",
    "price": "144.00",
    "published": true,
    "sale_type": "For Sale",
    "bed_rooms": 2,
    "bath_rooms": 1,
    "sqrt": "10.00",
    "home_type": "Condo",
    "description": "<p>this is best house for sellingthis is best house for sellingthis is best house for sellingthis is best house for sellingthis is best house for sellingthis is best house for sellingthis is best house for sellingthis is best house for sellingthis is best house for sellingthis is best house for sellingthis is best house for sellingthis is best house for sellingthis is best house for sellingthis is best house for sellingthis is best house for sellingthis is best house for sellingthis is best house for sellingthis is best house for sellingthis is best house for sellingthis is best house for sellingthis is best house for sellingthis is best house for sellingthis is best house for sellingthis is best house for sellingthis is best house for sellingthis is best house for sellingthis is best house for sellingthis is best house for sellingthis is best house for sellingthis is best house for sellingthis is best house for sellingthis is best house for sellingthis is best house for sellingthis is best house for sellingthis is best house for sellingthis is best house for sellingthis is best house for sellingthis is best house for sellingthis is best house for sellingthis is best house for sellingthis is best house for sellingthis is best house for sellingthis is best house for sellingthis is best house for sellingthis is best house for sellingthis is best house for sellingthis is best house for sellingthis is best house for sellingthis is best house for sellingthis is best house for sellingthis is best house for sellingthis is best house for sellingthis is best house for sellingthis is best house for sellingthis is best house for sellingthis is best house for sellingthis is best house for sellingthis is best house for sellingthis is best house for sellingthis is best house for sellingthis is best house for sellingthis is best house for sellingthis is best house for sellingthis is best house for sellingthis is best house for sellingthis is best house for selling</p>",
    "avgRating": 1,
    "ratings": 1,
    "oldPrice": "144.00",
    "image": "uploads/ourvilla_GSrvUGW_THPcob1.jpeg",
    "image_1": "uploads/onboarding-1_Jkpw3Kh.png",
    "image_2": "uploads/onboarding-1_RX06x9V_K71cjMG.png",
    "image_3": "uploads/ourvilla_fMo8BmK_pBBzXE1.jpeg",
    "image_4": "uploads/IMG_20230126_010145_k6fJLu8.jpg",
    "image_5": "uploads/ourvilla_CmGeJ2o_2jU7ILx.jpeg",
    "date_added": "2023-01-26T12:29:05.346Z"
  }
},
{
  "model": "listings.listing",
  "pk": 45,
  "fields": {
    "realtor": 12,
    "title": "operas house for jazz",
    "slug": "asasdfasdf",
    "address": "maryland",
    "city": "maryland",
    "state": "Oromia",
    "house_number": "1334",
    "price": "144.00",
    "published": false,
    "sale_type": "For Sale",
    "bed_rooms": 2,
    "bath_rooms": 1,
    "sqrt": "10.00",
    "home_type": "Condo",
    "description": "<p>this is best house for living00010001this is best house for living00010001this is best house for living00010001this is best house for living00010001this is best house for living00010001this is best house for living00010001this is best house for living00010001this is best house for living00010001this is best house for living00010001this is best house for living00010001this is best house for living00010001this is best house for living00010001this is best house for living00010001this is best house for living00010001this is best house for living00010001this is best house for living00010001this is best house for living00010001this is best house for living00010001this is best house for living00010001this is best house for living00010001this is best house for living00010001this is best house for living00010001this is best house for living00010001this is best house for living00010001this is best house for living00010001this is best house for living00010001this is best house for living00010001this is best house for living00010001this is best house for living00010001this is best house for living00010001this is best house for living00010001this is best house for living00010001this is best house for living00010001this is best house for living00010001</p>",
    "avgRating": 1,
    "ratings": 1,
    "oldPrice": "144.00",
    "image": "uploads/IMG_20230126_010145_h5qWmvT.jpg",
    "image_1": "uploads/IMG_20230126_010145_fEDUCAC.jpg",
    "image_2": "uploads/IMG_20230126_010144.jpg",
    "image_3": "uploads/IMG_20230126_010145_WRLsyKY.jpg",
    "image_4": "uploads/IMG_20230126_010145_Qu4MfPM.jpg",
    "image_5": "uploads/IMG_20230126_010145_24wCLbb.jpg",
    "date_added": "2023-01-26T12:37:13.689Z"
  }
},
{
  "model": "listings.listing",
  "pk": 46,
  "fields": {
    "realtor": 5,
    "title": "new house from this dorm",
    "slug": "new-house-in-mary-land",
    "address": "shager",
    "city": "shager",
    "state": "south Ethiopian",
    "house_number": "33",
    "price": "444.00",
    "published": true,
    "sale_type": "For rent",
    "bed_rooms": 2,
    "bath_rooms": 2,
    "sqrt": "10.00",
    "home_type": "Townhouse",
    "description": "<h1><span style=\"color:#2ecc71\">this 2 bed room house in shager0001</span></h1>",
    "avgRating": 1,
    "ratings": 1,
    "oldPrice": "144.00",
    "image": "uploads/onboarding-1_T6JiY1W_UVKuy5X.png",
    "image_1": "uploads/onboarding-1_JcjTGfx_DPmjoHY.png",
    "image_2": "uploads/ourvilla_KCYHQgg.jpeg",
    "image_3": "uploads/ourvilla_zTmLYo7.jpeg",
    "image_4": "uploads/onboarding-1_T6JiY1W_wB33v3u.png",
    "image_5": "uploads/ourvilla_mOmrBGP_WFK49g8.jpeg",
    "date_added": "2023-01-30T18:38:29.076Z"
  }
},
{
  "model": "listings.listing",
  "pk": 47,
  "fields": {
    "realtor": 12,
    "title": "test house",
    "slug": "test-house",
    "address": "jamo",
    "city": "shager",
    "state": "ethiopaia",
    "house_number": "334",
    "price": "324.00",
    "published": true,
    "sale_type": "For Sale",
    "bed_rooms": 2,
    "bath_rooms": 1,
    "sqrt": "45.00",
    "home_type": "Townhouse",
    "description": "<p>2 bedrooms 1 shower parking</p>",
    "avgRating": 5,
    "ratings": 5,
    "oldPrice": "144.00",
    "image": "uploads/IMG_20230126_010145_mbivw2n.jpg",
    "image_1": "uploads/IMG_20230126_010145_SjM1myh.jpg",
    "image_2": "uploads/IMG_20230126_010145_Yma9g1r.jpg",
    "image_3": "uploads/IMG_20230126_010145_rVqMVSW.jpg",
    "image_4": "uploads/IMG_20230126_010145_9tC3QBX.jpg",
    "image_5": "uploads/IMG_20230126_010145_SUK6eaU.jpg",
    "date_added": "2023-02-01T08:39:38.813Z"
  }
},
{
  "model": "listings.listing",
  "pk": 48,
  "fields": {
    "realtor": 13,
    "title": "new title from house",
    "slug": "new-house",
    "address": "jamo street",
    "city": "shager",
    "state": "Showan",
    "house_number": "123",
    "price": "344.00",
    "published": false,
    "sale_type": "For Sale",
    "bed_rooms": 2,
    "bath_rooms": 1,
    "sqrt": "30.00",
    "home_type": "Condo",
    "description": "<p>this 2 bed rooms and 3 guest house</p>",
    "avgRating": 1,
    "ratings": 1,
    "oldPrice": "144.00",
    "image": "uploads/IMG_20230126_010145_KCwSAXl.jpg",
    "image_1": "uploads/IMG_20230126_010143_pWeQWS4.jpg",
    "image_2": "uploads/IMG_20230126_010145_9u69RoL.jpg",
    "image_3": "uploads/IMG_20230126_010145_9OU8GhT.jpg",
    "image_4": "uploads/IMG_20230126_010143_1_6bXRvd8.jpg",
    "image_5": "uploads/IMG_20230126_010145_7GoqbZO.jpg",
    "date_added": "2023-02-01T18:58:32.441Z"
  }
},
{
  "model": "listings.listing",
  "pk": 49,
  "fields": {
    "realtor": 12,
    "title": "new title",
    "slug": "new-title",
    "address": "shager",
    "city": "shager",
    "state": "Shager",
    "house_number": "333",
    "price": "144.00",
    "published": true,
    "sale_type": "For Sale",
    "bed_rooms": 1,
    "bath_rooms": 1,
    "sqrt": "10.00",
    "home_type": "Condo",
    "description": "<p>qewqr 0001</p>",
    "avgRating": 1,
    "ratings": 1,
    "oldPrice": "144.00",
    "image": "uploads/IMG_20230126_010145_R6exheC.jpg",
    "image_1": "uploads/IMG_20230126_010145_MeqBOxx.jpg",
    "image_2": "uploads/IMG_20230126_010145_IQnO7zN.jpg",
    "image_3": "uploads/IMG_20230126_010145_4b0Gnj4.jpg",
    "image_4": "uploads/IMG_20230126_010145_zkYMQNl.jpg",
    "image_5": "uploads/IMG_20230126_010145_D0bY3kB.jpg",
    "date_added": "2023-02-01T19:12:49.744Z"
  }
},
{
  "model": "listings.listing",
  "pk": 50,
  "fields": {
    "realtor": 13,
    "title": "new house",
    "slug": "new-house",
    "address": "shager",
    "city": "shager",
    "state": "shager",
    "house_number": "123",
    "price": "344.00",
    "published": true,
    "sale_type": "For Sale",
    "bed_rooms": 1,
    "bath_rooms": 1,
    "sqrt": "10.00",
    "home_type": "Condo",
    "description": "<p>this is best house in shagerthis is best house in shagerthis is best house in shagerthis is best house in shagerthis is best house in shagerthis is best house in shagerthis is best house in shagerthis is best house in shagerthis is best house in shagerthis is best house in shagerthis is best house in shagerthis is best house in shagerthis is best house in shagerthis is best house in shagerthis is best house in shagerthis is best house in shagerthis is best house in shagerthis is best house in shagerthis is best house in shagerthis is best house in shagerthis is best house in shagerthis is best house in shagerthis is best house in shagerthis is best house in shagerthis is best house in shagerthis is best house in shagerthis is best house in shagerthis is best house in shagerthis is best house in shagerthis is best house in shagerthis is best house in shagerthis is best house in shagerthis is best house in shagerthis is best house in shagerthis is best house in shagerthis is best house in shagerthis is best house in shagerthis is best house in shagerthis is best house in shagerthis is best house in shagerthis is best house in shagerthis is best house in shagerthis is best house in shagerthis is best house in shagerthis is best house in shagerthis is best house in shagerthis is best house in shager</p>",
    "avgRating": 1,
    "ratings": 1,
    "oldPrice": "144.00",
    "image": "uploads/onboarding-1_RX06x9V_sE1kYsF.png",
    "image_1": "uploads/IMG_20230126_010144_1_3Md66RB_mIyfG7U.jpg",
    "image_2": "uploads/IMG_20230126_010145_Yma9g1r_V6PKl6Y.jpg",
    "image_3": "uploads/IMG_20230126_010145_2Gf9dHM_U3ufAF8.jpg",
    "image_4": "uploads/IMG_20230126_010145_0Iy3Asc_1YheR7h.jpg",
    "image_5": "uploads/IMG_20230126_010145_0Iy3Asc_u4o9q8h.jpg",
    "date_added": "2023-02-01T20:27:31.561Z"
  }
},
{
  "model": "listings.listing",
  "pk": 51,
  "fields": {
    "realtor": 12,
    "title": "new house",
    "slug": "new-house",
    "address": "shager",
    "city": "shager",
    "state": "Showan",
    "house_number": "134",
    "price": "344.00",
    "published": false,
    "sale_type": "For Sale",
    "bed_rooms": 1,
    "bath_rooms": 1,
    "sqrt": "10.00",
    "home_type": "Condo",
    "description": "<p>this is best house in shagerthis is best house in shagerthis is best house in shagerthis is best house in shagerthis is best house in shagerthis is best house in shagerthis is best house in shagerthis is best house in shagerthis is best house in shagerthis is best house in shagerthis is best house in shagerthis is best house in shagerthis is best house in shagerthis is best house in shagerthis is best house in shagerthis is best house in shagerthis is best house in shagerthis is best house in shagerthis is best house in shagerthis is best house in shagerthis is best house in shagerthis is best house in shagerthis is best house in shagerthis is best house in shagerthis is best house in shagerthis is best house in shagerthis is best house in shagerthis is best house in shagerthis is best house in shagerthis is best house in shagerthis is best house in shagerthis is best house in shagerthis is best house in shagerthis is best house in shagerthis is best house in shagerthis is best house in shagerthis is best house in shagerthis is best house in shagerthis is best house in shagerthis is best house in shagerthis is best house in shagerthis is best house in shagerthis is best house in shagerthis is best house in shagerthis is best house in shagerthis is best house in shagerthis is best house in shager</p>",
    "avgRating": 1,
    "ratings": 1,
    "oldPrice": "144.00",
    "image": "uploads/onboarding-1_RX06x9V_3Jnvu8w.png",
    "image_1": "uploads/IMG_20230126_010144_1_3Md66RB_kBad2of.jpg",
    "image_2": "uploads/IMG_20230126_010145_Yma9g1r_fjuK4Sa.jpg",
    "image_3": "uploads/IMG_20230126_010145_2Gf9dHM_qIiw2ue.jpg",
    "image_4": "uploads/IMG_20230126_010145_0Iy3Asc_Ae2J7vG.jpg",
    "image_5": "uploads/IMG_20230126_010145_0Iy3Asc_pM6bp4X.jpg",
    "date_added": "2023-02-01T21:04:46.517Z"
  }
},
{
  "model": "listings.listing",
  "pk": 52,
  "fields": {
    "realtor": 13,
    "title": "new house",
    "slug": "new-house",
    "address": "shager",
    "city": "shager",
    "state": "Showan",
    "house_number": "123",
    "price": "344.00",
    "published": false,
    "sale_type": "For Sale",
    "bed_rooms": 1,
    "bath_rooms": 1,
    "sqrt": "10.00",
    "home_type": "Condo",
    "description": "<p>this is best house in shagerthis is best house in shagerthis is best house in shagerthis is best house in shagerthis is best house in shagerthis is best house in shagerthis is best house in shagerthis is best house in shagerthis is best house in shagerthis is best house in shagerthis is best house in shagerthis is best house in shagerthis is best house in shagerthis is best house in shagerthis is best house in shagerthis is best house in shagerthis is best house in shagerthis is best house in shagerthis is best house in shagerthis is best house in shagerthis is best house in shagerthis is best house in shagerthis is best house in shagerthis is best house in shagerthis is best house in shagerthis is best house in shagerthis is best house in shagerthis is best house in shagerthis is best house in shagerthis is best house in shagerthis is best house in shagerthis is best house in shagerthis is best house in shagerthis is best house in shagerthis is best house in shagerthis is best house in shagerthis is best house in shagerthis is best house in shagerthis is best house in shagerthis is best house in shagerthis is best house in shagerthis is best house in shagerthis is best house in shagerthis is best house in shagerthis is best house in shagerthis is best house in shagerthis is best house in shager</p>",
    "avgRating": 1,
    "ratings": 1,
    "oldPrice": "144.00",
    "image": "uploads/onboarding-1_VKLNcym_xaGLE3B.png",
    "image_1": "uploads/ourvilla_GSrvUGW_V6QE9YV.jpeg",
    "image_2": "uploads/IMG_20230126_010145_Yma9g1r_GYXQMuK.jpg",
    "image_3": "uploads/IMG_20230126_010145_2Gf9dHM_8PK80qs.jpg",
    "image_4": "uploads/IMG_20230126_010145_0Iy3Asc_F6oMEpr.jpg",
    "image_5": "uploads/IMG_20230126_010145_0Iy3Asc_SSuSQot.jpg",
    "date_added": "2023-02-01T21:05:10.713Z"
  }
},
{
  "model": "favorites.favorite",
  "pk": 11,
  "fields": {
    "listing": 1,
    "realtor_email": "hello@gmail.com"
  }
},
{
  "model": "favorites.favorite",
  "pk": 12,
  "fields": {
    "listing": 2,
    "realtor_email": "hello@gmail.com"
  }
},
{
  "model": "favorites.favorite",
  "pk": 13,
  "fields": {
    "listing": 2,
    "realtor_email": "hello@gmail.com"
  }
},
{
  "model": "favorites.favorite",
  "pk": 14,
  "fields": {
    "listing": 2,
    "realtor_email": "hello@gmail.com"
  }
},
{
  "model": "favorites.favorite",
  "pk": 15,
  "fields": {
    "listing": 46,
    "realtor_email": "hello@gmail.com"
  }
},
{
  "model": "favorites.favorite",
  "pk": 16,
  "fields": {
    "listing": 44,
    "realtor_email": null
  }
},
{
  "model": "favorites.favorite",
  "pk": 17,
  "fields": {
    "listing": 46,
    "realtor_email": null
  }
},
{
  "model": "favorites.favorite",
  "pk": 18,
  "fields": {
    "listing": 44,
    "realtor_email": null
  }
},
{
  "model": "favorites.favorite",
  "pk": 19,
  "fields": {
    "listing": 44,
    "realtor_email": null
  }
},
{
  "model": "favorites.favorite",
  "pk": 20,
  "fields": {
    "listing": 46,
    "realtor_email": null
  }
},
{
  "model": "favorites.favorite",
  "pk": 21,
  "fields": {
    "listing": 46,
    "realtor_email": null
  }
},
{
  "model": "favorites.favorite",
  "pk": 22,
  "fields": {
    "listing": 46,
    "realtor_email": null
  }
},
{
  "model": "favorites.favorite",
  "pk": 23,
  "fields": {
    "listing": 46,
    "realtor_email": null
  }
},
{
  "model": "favorites.favorite",
  "pk": 24,
  "fields": {
    "listing": 51,
    "realtor_email": "hello@gmail.com"
  }
},
{
  "model": "favorites.favorite",
  "pk": 25,
  "fields": {
    "listing": 50,
    "realtor_email": "hello@gmail.com"
  }
},
{
  "model": "subscriber.subscriber",
  "pk": 4,
  "fields": {
    "email": "hello@gmail.com",
    "city": "shager"
  }
},
{
  "model": "subscriber.subscriber",
  "pk": 5,
  "fields": {
    "email": "tinsingjobs2k@gmail.com",
    "city": "shager"
  }
}
]
